其他技术职位,其他技术职位,4-6K,ccad,上海 崇明区 城桥,经验不限,大专,招聘岗位：岩土工程勘察招聘数量：1名岗位要求：1、大专以上学历，岩土工程、土木工程、建筑工程等相关专业毕业。2、工作踏实，认真负责，能吃苦耐苦，团队合作。3、按項目勘察纲要要求，组织勘察施工，整理汇总资料，编制岩土勘察报告。4、符合条件，表现优秀者，公司作后备人才培养，保持员工队伍稳定。5、工作地址在上海市崇明区。
其他技术职位,其他技术职位,4-8K,丽晶软件,上海 闵行区 七宝,1-3年,大专,、负责对公司产品的技术维护、产品BUG跟进工作；2、完成产品测试、部署、调试的相关工作；3、为客户提供系统培训，协助项目经理经理进行实施。任职资格：（1）、大专以上学历，计算机或相关专业；（2）、熟悉SQL Server，MySQL数据库，熟练掌握Windows操作系统及网络的相关技术；（3）、熟悉WEB支持软件，如：IIS、Apache等；（4）、良好的表达沟通能力、工作热情、积极主动、有耐心；（5）、能够吃苦耐劳，能承受工作压力；
其他技术职位,其他技术职位,5-8K,卓聪环保科技,上海 杨浦区 鞍山,3-5年,学历不限,岗位职责：1、按照项目中心（分公司项目部）要求承担项目实施工作并整理出项目小结。2、根据项目中心指派完成售前支持。3、根据项目要求负责技术方案编写。4、根据需求参与项目小组工作。5、根据项目中心要求，完成方案讲解和产品介绍。6、完成领导交办工作。任职要求：1、中专及以上学历，具有电力、通信系统相关专业知识，年龄25-40岁。2、具有通信或电力相关行业工程维护3年以上工作经验，熟悉电力、通信行业规范、行业设备、运维要求。3、良好的人际交往、团队合作及沟通能力，有较强的随机应变能力和学习能力。4、良好的吃苦耐劳品质，能接受出差安排。5、具有通信网络CCNA\CCNP、IBM、HP、Intel相关资格证书者或者高压进网操作许可证、电工职业认证优先考虑。
其他技术职位,其他技术职位,10-20K,风语筑,上海 静安区 大宁,3-5年,本科,1、负责结构及零部件相关的结构强度、刚性、被动安全、疲劳耐久等分析工作，协助结构性能相关的分析体系建立；2、负责CEA分析报告的编制与主机厂前期技术交流；3、负责CAE模型的建模与后台处理；4、负责对结构设计提出优化方案；5、负责轻量化设计方案制定；6、负责编制CAE分析标准。任职资格：1性别不限，年龄21到40，机械、车辆工程等力学专业本科以上学历；2有相关工作经验3年以上的。3会使用相关分析软件
其他技术职位,其他技术职位,4-8K,盛蒙创,上海 闵行区 颛桥,1-3年,大专,职位描述：1. 负责产品的质量监测、选型、或对原厂选型方案进行把关复核；2. 提供公司内部有关产品的技术培训工作；3. 负责与客户的产品技术交流、招投标支持、培训、样品管理、资料库建设等；4. 参与技术方案，协助销售完成重要项目的技术方案；5. 配合完成项目实施、验收调试等后续工作；协助解决用户在产品使用过程中遇到的问题等。 职位要求：1. 机械或仪表自控相关专业，本科以上学历；2. 较强的责任感和很好的团队合作精神，具备很强的自学能力，能够承受一定的工作压力；3. 有一定的逻辑分析能力，条理性强，有较好的语言表达与一定的讲解能力；4. 三年以上技术支持工作经验，有相关行业背景； （做过阀门、流量仪表等产品的技术支持或在相关生产制造厂做过技术工作的优先且待遇从优考虑。）5. 良好的英语读写听说能力。 本行业技术性强，培养员工不易。新员工一般需半年熟悉产品。诚聘诚恳有毅力人才与公司共同发展
其他技术职位,其他技术职位,4-6K,迈济科技,上海 杨浦区 四平路,经验不限,大专,岗位描述1、 负责3D打印机的售前技术支持2、 负责3D打印机及相关产品送货安装调试以及客户培训。3、 负责3D打印机的售后技术服务工作，维护好客户关系，挖掘二次销售机会4、 根据客户提供的三维模型用3D打印机打印样品、手板等5、 收集市场上的3D打印机技术信息、与3D打印机厂商保持良好沟通，及时跟进技术革新和获取支持。任职要求1、 全日制大专以上学历，机械类、数控类、自动化、计算机等相关专业；2、 熟练掌握三维设计软件，如：Geomagic、CAD/CAM、UG、solidwork、3DMax其中的一到两种；3、 较强的学习能力和动手能力，对新事物有求知欲，自学能力强；4、 具有高度的责任心及团队协作能力，并能独立完成工作；5、 良好的沟通能力及组织协调能力；6、 主动和自信、吃苦耐劳，较强的环境适应能力；
其他技术职位,其他技术职位,8-10K,泰如一,上海  ,5-10年,大专,岗位职责： 1. 按照公司流程进行工程技术方案编写、技术交流、投标支持等工作；2. 与客户沟通，了解客户需求，能够根据用户的需求编写解决方案； 3. 熟悉水处理行业国家规范、标准及法规；了解施工质量、安全、工期、技术等管理知识； 4. 参与图纸会审、设计交底工作，熟悉水处理等工艺设计，并提出合理化建议； 5. 参与对工程运行阶段的技术跟踪；负责编写项目设计计划、工艺运行总结报告、工程操作手册等； 6. 有一定现场工作经验，熟悉水处理行业相关专业的国家标准和规范，熟悉行业设备操控及故障处理； 7. 完成领导交付的各项临时性工作。 任职要求： 1. 环境工程、水处理、给排水、生态学或相关专业本科及以上学历；2. 熟悉中央空调循环水系统的结构，掌握常规水系统的处理手段；3. 熟悉水处理工艺流程、设计规范及标准； 4. 具有娴熟的沟通及语言表达能力； 5. 良好的团队合作精神；较强的学习能力；强烈的责任心。 6. 强烈的客户服务意识，善于钻研，品质意识强。
其他技术职位,其他技术职位,5-10K,多吉山,上海 松江区 泖港,经验不限,本科,岗位描述:1.负责蔬菜生产农业技术研发工作；2.负责对生产工人进行技术指导和培训。任职条件:1.园艺、农学、设施农业等农业相关专业毕业，本科学历以上；2.应届毕业生或两年以上蔬菜种植相关工作经验；3.吃苦耐劳，勤劳踏实，热爱农业。
其他医疗技术职位,其他技术职位,4-5K,复星长征,上海 宝山区 上海大学,应届生,大专,协助研发人员完成单抗，化学发光等研发项目的实验工作岗位职责：1、有1年以上从事动物实验、化学实验相关工作的经验；2、主要负责新产品的研究开发和本公司已有产品的改进；3、了解国内外诊断试剂的发展动态，对产品和技术的引进开发提出可行性建议；4、具有独立开发与合作开发能力。岗位需求：1、生物化学等相关专业，专科或以上学历；2、具有团队协作精神；3、良好的英文读、说、听、写能力，有体外诊断试剂或相关行业的同类工作经验。
其他技术职位,其他技术职位,5-7K,康德莱制管,上海 嘉定区 江桥,1年以内,大专,1. 协助技术员在技术研发的产品设计输出的基础上，建立和完善产品的技术文档，包括产品图纸、各项验证报告、技术标准、检验规范、技术工艺文件、包装图纸、标签等等信息；对技术文档的有效性进行日产管理；2. 协助负责产品的工艺验证工作，做好各项验证的原始数据记录，确保依据充分，数据准确和完善，以便正确得出验证结论；对于验证中发生的不符合或者异常问题，及时传递设计员处置。并按照处置意见进行记录和再验证；3. 协助编制产品计划订单所需的产品图纸、包装设计等技术资料，做到准确及时；4. 协助负责建立外贸订单的产品技术档案，对不同客户的产品定单进行技术要求和图纸的整理、更改控制和归档管理工作；5. 协助负责产品生产工艺流程的设计，并进行工艺规范和有关技术文件的编制和管理，确保正确指导生产；6. 实施产品、工艺及装备的技术改进，协助解决生产过程中技术、工艺、质量问题；
其他技术职位,其他技术职位,4-8K,锦拓化工,上海 青浦区 练塘,3-5年,硕士,"1、3-5年以上涂料调色经验, 能独立进行打板配色 2、辨色能力强，熟练颜色效果调配（实色漆、立面漆、珠光漆、银粉漆、锤纹漆等效果颜色均能调色） 3、熟悉施工现场色差问题处理 4、具有良好的协调能力,善于沟通 5、具有良好的团队精神，性格开朗,能吃苦耐劳"
其他技术职位,其他技术职位,5-10K,上海顾翔制冷设备...,上海 闵行区 颛桥,5-10年,学历不限,维修技师优先！
其他医疗健康类职位,其他技术职位,8-15K,众鑫保,上海 浦东新区 塘桥,1-3年,本科,1.寿险、健康险核保规则、政策、作业流程等相关核保制度拟定和维护；2.核保数据分析、业务风险分布状况分析，积累专业数据经验；3.相关经验和业务流程内部培训支持；4.总对总业务、再保业务等合作支持；
其他技术职位,其他技术职位,25-40K,上海定卓,上海 静安区 大宁,5-10年,本科,"全栈工程师岗位要求：1、熟练掌握至少3种Java，jquery，nodejs，vue，css等技术，具备4年以上的开发经历；2、熟练掌握至少3种MySQL、mongoDB、es、redis或者其它nosql的使用；3、了解掌握至少1种Hadoop/Hive/Hbase/Storm/Spark等大数据技术的使用，并针对各种疑难问题的研究和解决；4、对算法、数据结构以及后台开发（PHP/Python/Scala/shell等）有一定了解,了解一门非Web前端脚本语言者优先；5、具备良好地分析，定位以及解决问题的能力，攻克技术问题的方法以及顶尖的代码动手编写能力；6、具备很强的沟通能力，高度的责任心和强大的耐心；7、具备面对对象的思维做程序设计，掌握各种设计模式；岗位职责：1.负责公司前沿技术的跟踪、调研，并进行相应的测试、研发，通用研发工具、类库规范制定与实施；2.负责公司前沿技术的整合、应用转化，擅长使用开源框架，在某个领域内对开源框架有一定的审美，做过选型研究，解读过部分或者全部源码，掌握实现原理，快速应用至公司业务线；3.负责协助部门总监，协调、参与部门与公司其他部门的协同工作，不限于参与公司重大项目的研发，业务代码编写等要求；"
其他技术职位,其他技术职位,5-10K,相舆科技,上海 黄浦区 人民广场,经验不限,学历不限,电子电气产品结构设计、优化、运动结构选型、材料、工艺选型
其他技术职位,其他技术职位,8-15K,北京元茂兴,上海 普陀区 长征,1-3年,本科,熟练使用C++
其他医疗技术职位,其他技术职位,7-10K,执诚生物,上海 浦东新区 周浦,3-5年,本科,1、所辖区域的产品的售前、售后技术服务工作；2、新人培训、以及产品培训工作（针对销售人员、客户等进行的产品培训）3、分管区域技术人员的日常管理工作4、完成上级管理人员布置得其他工作。任职资格:1、生物技术、临床检验、化工、药学等相关医学化工类专业；2、三年以上生化、免疫类仪器的应用调试的工作经验；3、能适应出差。
其他技术职位,其他技术职位,17-23K,天牧信息,上海 长宁区 虹桥,3-5年,本科,3-5年经验。   有能力搭建车载通讯单元系统经验。
其他技术职位,其他技术职位,10-16K,因士科技,上海 宝山区 吴淞,3-5年,本科,岗位职责：1、从事气相色谱仪的研发；2、从事应用技术的研发。任职资格：1、化学，化工，机械，电子，自动化等相关专业；2、有一定的抗压能力；3、有团队协作精神
其他医疗技术职位,其他技术职位,5-8K,北京信德安康医疗器械,上海 徐汇区 漕河泾,1-3年,本科,康复治疗技术专业毕业
其他技术职位,其他技术职位,9-10K,上海逸茂,上海 松江区 九亭,1年以内,高中,"会电气机箱机柜操作台的结构设计,并能熟练应用Solidworks及CAD软件"
其他职位,其他技术职位,10-20K,美菜网,上海 徐汇区 徐家汇,经验不限,学历不限,负责区域内给商户送货，送完下班
其他技术职位,其他技术职位,30-60K,永佳盛,上海 浦东新区 陆家嘴,3-5年,本科,AI芯片编译器及工具链高级研发工程师 (上海） 工作职责:1、地平线芯片/FPGA上编译器及工具链软件的部分设计及研发；2、地平线面向BPU芯片的模型性能调优工具的部分设计及研发；3、地平线BPU芯片指令集架构的设计与优化的部分设计及研发。 任职资格：1、3-10年工作经验；2、熟悉linux/unix平台上的C/C++、python编程；3、理解常用数据结构和算法；4、有求知欲、好奇心，对计算机如果工作、AI如何工作感兴趣；5、满足如下条件者优先：a) 芯片工具链、虚拟机、模拟器、系统级高性能计算库的开发；b) 深度学习执行引擎的开发；c) 了解计算机体系结构及相关量化分析方法；d) 有底层代码优化经验；e) 熟悉计算机视觉开发环境相关研发（OpenCV，Halide等）；f) 熟悉异构编程环境的相关研发(CUDA，OpenCL、OpenVX、OpenACC等)。
其他技术职位,其他技术职位,10-11K,上海崇基,上海 静安区 火车站,3-5年,本科,技术工程师:（年薪15～50万元）（1） 技能：①锅炉、热能、自动化、暖通、机电等相关专业本                  科或以上。                    ②对项目工程管理有一定的经验。                    ③熟悉计算机操作（AUTOCAD机械绘图软件等）。                    ④能承受一定的工作压力和外地出差，工作认真、正直、勤奋。（2） 职位描述： ①  对销售人员给予技术支持。                             ②  主导项目执行进程管理。                             ③   工程概算及系统设计规划。                             ④   标书制作。
其他技术职位,其他技术职位,5-7K,好卓机电,上海 静安区 大华,3-5年,本科,ab可编程控制器编写程序、调试。建立数据库
其他技术职位,其他技术职位,4-6K,上海邦卓电子设备...,上海  ,1-3年,中专/中技,岗位职责 1、根据公司项目的要求，提供项目前期技术支持；配合销售人员为客户提供全面技术服务。 2、负责公司音视频项目场地勘察、方案设计、编制配置清单及方案说明；对图纸及施工中出现的问题及时提出行之有效的解决方案及现场技术支持。 3、负责音视频项目安装，项目设置、连接和音视频设备综合安装调试技术支持，为客户演示及培训。 任职要求 1、熟悉音视频智能系统（投影、音响、拼接屏、LED、会议系统、监控、计算机网络等多媒体设备）。 2、有3年以上技术支持工作经验、熟悉电工知识、影音智能系统、网络原理者优先考虑。 3、熟练掌握CAD制图软件。 4、具有较强的沟通、表达、协调能力及逻辑思维能力。 5、有驾照者优先考虑。
其他技术职位,其他技术职位,5-8K,上海联诺信息,上海 浦东新区 源深,1年以内,高中,1.负责公司所有客户合同内的打印机维修；2.熟悉惠普、施乐等主流厂商的打印机设备；
其他技术职位,其他技术职位,7-10K,临澜,上海 闵行区 吴泾,经验不限,本科,1.  职位名称：水文/测绘工程师2. 职位职责：经过短时间学习能从事水文站点设备维护，与同事合作完成河道比测率定等基础工作；经过一段时间学习后能够出具河道比测报告，有一定文字功底，能够独立撰写简单的验收报告等技术文件；能够满足客户的要求3. 职位培养目标：项目负责人4. 专业要求：水文水资源、测绘、水利等相关专业，其他有志于学习从事水文测绘行业的青年亦可。5. 学历要求：本科6. 其他要求：对待工作认真负责，有一定的学习能力，能够独立思考解决问题。7. 福利待遇：四险一金，提供住宿，年终2-5薪
其他采购/贸易类职位,其他技术职位,3-5K,VIKITEK,上海 闵行区 浦江,1-3年,大专,采购助理岗位职责：1、负责供应商资料的整理；2、负责签订合同的申请流程；3、订单，付款，供应商商务条件录入系统，库存管理；4、部门日常事务（签收快递，来货初检；物料送检，检验合格后入库及其他临时性事务工作）。任职资格：1、大专及以上学历，计算机、信息工程及相关专业优先；2、熟练操作电脑办公软件；3、了解采购各项事务的操作流程，并能实际操作运用；4、沟通协调能力较强，团队凝聚力；5、灵活主动、诚实守信、有优秀的合作精神。
其他技术职位,其他技术职位,4-7K,宏强富瑞技术,上海 长宁区 北新泾,1年以内,本科,技术导师的主要工作是下店给客户培训培训仪器
其他技术职位,其他技术职位,4-6K,震儒贸易,上海 嘉定区 江桥,1-3年,学历不限,门店打印机技术人员：主要负责客户打印机维修服务，新打印机安装等，
其他技术职位,其他技术职位,3-5K,晟晨面包房,上海 奉贤区 南桥,1-3年,中专/中技,2年左右的工作经验，吃苦耐劳，接受有订单时加班，对工作对客户负有责任心。
其他技术职位,其他技术职位,8-15K,九思建筑,上海 杨浦区 长阳路,经验不限,学历不限,VR造景师职位描述:搭建建筑场景，利用VR技术表现建筑空间。无VR技术经验者，公司会安排基础培训。任职要求:1、对新事物、新技术有强烈的求知欲，学习、研究能力强。2、优秀的美术功底，懂构图、色彩与光线；尺度感与画面美感好。3、从事过建筑摄影、效果图渲染与后期制作、建筑设计者优先。
其他技术职位,其他技术职位,5-10K,星妃国际,上海 闵行区 浦江,1年以内,学历不限,岗位描述：1、负责新客户的开拓，客户信息的搜集2、定期拜访客户，销售公司产品3、与客户进行沟通，及时掌握客户需要，了解客户状态4、定期对客户档案进行分析、整理，提供销售分析数据任职要求：1、学历不限2、性格外向 有上进心 有理想 有目标 想赚钱工作时间： 9:00-6:00  周末休息
其他技术职位,其他技术职位,5-10K,星妃国际,上海 闵行区 浦江,经验不限,学历不限,岗位描述：1、负责新客户的开拓，客户信息的搜集2、定期拜访客户，销售公司产品3、与客户进行沟通，及时掌握客户需要，了解客户状态4、定期对客户档案进行分析、整理，提供销售分析数据有做过美容行业者优先任职要求：1、学历不限2、性格外向 有上进心 有理想 有目标 想赚钱工作时间： 9:00-6:00  周末休息
其他职位,其他技术职位,6-9K,美菜网,上海 普陀区 武宁,经验不限,学历不限,"工作职责美菜网（www.meicai.cn）于2014年6月6日正式诞生，已完成D轮融资，是目前全球领域最先进智能的农产品移动电子商务平台。我们致力于用我们的全智能化供应链体系改变整个中国农业市场，让农产品真正实现从田间直达餐桌,从地头直达终端消费者!未来必将成为农产品电子商务领域的一家万亿级伟大企业。 岗位职责与薪酬：1、美菜生活平台商户数据分析和统计2、合作商户的开发和维护；3、公司日常行政内务4、薪资待遇：九点上班打卡然后随你嗨，周休1天，无责底薪4000加提成3000-12000元／月【五险一金】5、晋升通道：M0－主管－城市经理-城市总-大区总-销售总监-CEO任职要求：1、互联网＋餐饮／娱乐兴趣浓厚，擅长office办公软件尤其是excel；2、口活好，上能搞定客户，下能品鉴美食；3、如果你足够有趣，去TMD前面两条；4、如果你足够漂亮／帅气，去TMD前面三条！5、地址：静安区太阳山路188弄（欢迎勾搭）任职资格1、大专以上学历，应届毕业生或一年以上销售经验，抗压能力强； 2、有快消品行业销售经验、互联网公司地推经验、同行业销售工作经验优先考虑； 3、性格外向，具有较强的沟通表达能力，注重团队合作，拥有良好的客户服务意识。 本岗位就近分配，试用期无责底薪4000+提成，广阔的晋升空间，优越的企业文化；一经录用正常缴纳六险一金，享受国家法定节假日、节日福利、年终奖、年休假等各项福利待遇！没有固定上班时间，不打卡，真正的弹性工作制！无限量供应的零食和饮料，让你迅速成为胖纸！室内空气净化器，让你在办公的时候享受干净的空气！温馨简约的办公环境，你可以在任意你喜欢的地方办公！每年定期的单身party,让你遇上心仪的他/她！任你嘲讽的CEO和充满真诚的薪酬福利体系！以及让你可以有钱就是任性的股票期权！我们需要你的加入，让我们一同在可见的未来开创互联网市场的新领域！ 工作地址：就近分配。团队介绍美菜网（www.meicai.cn）于2014年6月6日正式诞生，已完成D轮融资，是目前全球领域最先进智能的农产品移动电子商务平台。我们致力于用我们的全智能化供应链体系改变整个中国农业市场，让农产品真正实现从田间直达餐桌,从地头直达终端消费者!未来必将成为农产品电子商务领域的一家万亿级伟大企业。 没有固定上班时间，不打卡，真正的弹性工作制！无限量供应的零食和饮料，让你迅速成为胖纸！室内空气净化器，让你在办公的时候享受干净的空气！温馨简约的办公环境，你可以在任意你喜欢的地方办公！每年定期的单身party,让你遇上心仪的他/她！任你嘲讽的CEO和充满真诚的薪酬福利体系！以及让你可以有钱就是任性的股票期权！我们需要你的加入，让我们一同在可见的未来开创互联网市场的新领域！"
其他医疗技术职位,其他技术职位,10-11K,上海吉象,上海 徐汇区 肇嘉浜路,3-5年,本科,岗位职责：1、 负责健康助理日常工作调度。2、 负责与患者接洽，收集患者就诊前期信息。3、 负责部门文件流转、存档、审核及批准。4、 负责协调患者车辆安排。4、 负责协调医院工作的衔接，渠道维护，患者陪同的安排工作。5、 负责把控导诊环节各流程，及时处理突发问题。6、 负责协调、维护、改进及完善医资平台，使其顺畅运作。任职要求：1、本科及以上学历，公共关系、医疗背景、生物工程、药学等相关专业背景优先考虑；2、5 年以上相关工作经验，熟悉医院运作流程；4、组织和协调能力优秀，强烈的团队合作精神。
其他职位,其他技术职位,7-10K,宏强富瑞技术,上海 浦东新区 川沙,1年以内,本科,客户维修工程师职位描述：负责所属区域客户所购买的HONKON及相关产品的设备维护，保障以上设备在客 户处良好的运行，提高客户满意度并协助客户代表向客户推荐HONKON相应产品；负责完成维修部 制定的工作目标；负责向客户推荐公司化妆品和配件确保月度业绩目标的完成；负责维修友商仪器。 任职资格：1、大专及以上学历，电子、医疗器械、电器、自动化、英语等专业； 2、1年以上生产车间工作经验，通晓维修所需各机型的专业知识； 3、熟悉公司产品的各项原理和组装细节；       4、熟悉电子电路产品装配技术了解医用激光器工作原理；     5、出色的沟通协调能力、问题发现与解决能力，能自我激励自我指导，有驾照者优先； 6、经过三个月培训后，能通过公司相应产品维修考核且熟练掌握HONKON相应产品的工艺及基本临床 操作技能；       7、吃苦耐劳、勤奋上进能经常出差；做事认真、踏实、责任心强。
其他医疗健康类职位,其他技术职位,5-10K,宏强富瑞技术,上海 浦东新区 川沙,1年以内,大专,客户技术导师岗位职责：负责客户运营区域内仪器的操作培训、临床技术指导、医疗美容中心的公司项目的策划支持、全套 解决方案的讲解、化妆品的推荐；负责培训客户使用仪器设备化妆品、配件等；完成全年区域的配 件、化妆品销售任务； 任职资格：1、年龄35岁以下，能长期出差；       2、大专及以上学历，医学、药学、美容、护理等专业，英语CET-4级以上； 3、1年以上医院、美容院工作经历或医院实习经历或销售经验者优先； 4、出色的沟通能力，有说服力和影响力，良好的表达能力，能够自我激励自我指导； 5、具有很强的责任心，进取心和成就欲，能承受很大的工作压力，良好的客户服务意识和诚信意识； 6、具有一定的市场开拓能力，拥有良好的团队精神和职业道德。
其他技术职位,其他技术职位,8-15K,牧厚智能,上海 嘉定区 菊园新区,3-5年,本科,懂c语言程序，有做过数控行业二次开发及界面开发经验
其他生产制造职位,其他技术职位,4-6K,聚科光电,上海 嘉定区 嘉定镇,经验不限,大专,岗位说明：1．此岗位是代中国科学院上海光学精密机械研究所进行招聘，我公司作为上光所下属企业，代为招聘，面试及工作地点均在上光所。2．工作地点：上海市嘉定区中国科学院上海光学精密机械研究所3．劳动关系：挂靠于上海光学精密机械研究所大恒公司岗位要求：1．光学、光学工程、精密机械、电子或物理相关专业，大专以上学历，能吃苦，善钻研。2．主要负责光电仪器单元模块的设计制作、装配调试。3．试用期三个月，有相关工作经验者优先，待遇面议。4．请有意者先发送简历到：***** 以备初选。工作地址上海市嘉定区中国科学院上海光学精密机械研究所
其他职位,其他技术职位,8-12K,赢丰技术,上海 浦东新区 合庆,1-3年,本科,职位描述：1.熟悉工业废水工艺技术，正确选择工艺流程并确定工艺设计参数；2.独立完成污水和水处理工程额方案设计；3.熟悉水处理工程设计规范、标准，完成污水和水处理工程的初步设计和施工图设计以及相关的设计管理工作；4.负责对市场、设备采购及工程施工等工作提供技术支持；职位要求：1.本科及以上学历，环境工程或给排水专业优先考虑，有5年以上的污水处理工作经验；2.具有二级建造师资质，持有中级以上工程师职称的优先考虑；3.能独立完成污水处理工艺流程、图纸设计、施工建设等工程工作，有相关化学实验经验；4.能解决现场本专业的相关技术问题，具有污水处理的项目规划及筹建经验，有现场项目管理经验的优先考虑；5.熟练使用AutoCAD等专业软件和office办公软件；6.具有较强的责任心、敬业精神及团队协作精神。
其他技术职位,其他技术职位,8-9K,罗莱家纺,上海 闵行区 七宝,3-5年,大专,"会威尔克姆，懂ps,制图软件"
其他技术职位(兼职),其他技术职位,4-5K,可灿,上海 浦东新区 三林,1年以内,中专/中技,设备维护！吃苦耐劳！
其他技术职位,其他技术职位,6-10K,啸佳,上海 宝山区 庙行,1年以内,中专/中技,家电维修水电类维修设备维修（特种设备除外）
其他技术职位,其他技术职位,8-9K,BME,上海 普陀区 长征,1年以内,本科,1，通风除尘管路设计；2，通风管网风平衡计算；3，除尘技术方案编制及与客户沟通。
其他技术职位,其他技术职位,6-11K,段威理发店,上海 闵行区 莘庄,1年以内,学历不限,衷心爱国：有敬业精神
其他技术职位,其他技术职位,4-8K,上海舒太,上海 宝山区 淞南,应届生,大专,岗位职责:1、确保项目目标实现，客户满意;2、统筹项目的人员安排、进度安排、质量控制、成本控制等工作;3、负责与项目组、客户的沟通协调工作;4、贯彻执行公司的项目管理、质量管理制度。任职资格: 1、专业不限，要有一定的沟通能力，做事沉稳细致; 2、有无工作经验都可以，但必须有强烈的责任心，能够出色完成上级安排的工作; 3、熟练使用相关设计及各种通用办公软件; 4、具有良好的沟通协调能力及计划能力; 5、应届生优先福利待遇: 1、公司实行做五休二工作制 ，每天上班八小时，早八点半晚五点。 2、按国际规定享受法定节假日。 3、其他事宜可面谈。 4、包住宿
其他技术职位,其他技术职位,3-4K,上源印务,上海  ,1年以内,中专/中技,我司是做食品包装袋及卷膜的，需有印刷复合经验的即可
其他技术职位,其他技术职位,5-10K,宏强富瑞技术,上海 浦东新区 唐镇,1年以内,大专,职位描述：岗位职责：1.负责客户运营区域内仪器的操作培训、临床技术指导、医疗美容中心的公司项目的策划支持、全套解决方案的讲解、化妆品的推荐；2.负责培训客户使用仪器设备化妆品、配件等；3.负责完成全年区域的配件、化妆品销售任务。任职资格：1.有医学、药学、美容、护理等专业优先考虑；2.具有出色的沟通能力，有说服力和良好的表达能力，能够自我激励，自我指导；3.具备较强的责任心、进取心，良好的客户服务意识和诚信意识；4.拥有良好的团队精神和职业道德；5.能够适应出差。职能类别：护士/护理人员
其他技术职位,其他技术职位,3-6K,宏强富瑞技术,上海 浦东新区 唐镇,1年以内,大专,上门给客户维修解决问题（医疗美容仪器）
其他技术职位,其他技术职位,6-8K,华荣股份,上海 嘉定区 徐行,1年以内,本科,要求英语4级以上，机电类或电气自动化专业，主要工作：技术支持，产品售前售中售后服务工作
其他技术职位,其他技术职位,4-5K,上海携达,上海 宝山区 大华,1-3年,高中,岗位要求: 1.精通电脑维修维护； 2.有打印机、复印机等维修维护经验；3.求上进，知进退，虚心好学； 4.服从安排，有责任心 工作时间: 周一到周五9点至17点30另:通过公司考核，可提供单间住宿
其他技术职位,其他技术职位,4-5K,三丝企业管理,上海 浦东新区 外高桥,经验不限,学历不限,1.工资6000元，交五险一金2.工作内容:车型改进，质量监控，车型开发3.年龄不限4.工作时间早上8点到下午5点
其他技术职位,其他技术职位,5-10K,目童科技,上海 静安区 火车站,经验不限,学历不限,1工作内容  上门维修手机 平板电脑2认真 仔细 不懂可以教
其他技术职位,其他技术职位,3-5K,上海谦富文化传播...,上海 闵行区 吴泾,1-3年,中专/中技,独立完成现场灯光系统调试安装配合客户完成制作要求懂适当的灯具维修保养
其他技术职位,其他技术职位,4-5K,健慈,上海 静安区 火车站,经验不限,大专,1.录入客户资料，信息。2.客户会员卡管理，包括注册，更换，更新信息。3.每日正常数据录入，处理，分析汇总，整理上报。4.工作较为轻松，但要求稳定性好及耐心度较好。
其他技术职位,其他技术职位,6-8K,和飞塑胶模具制品,上海 松江区 永丰,1年以内,学历不限,有塑胶模具或模具维修经验
其他技术职位,其他技术职位,2-4K,瀚穗汽车,上海 嘉定区 安亭,1年以内,本科,满足本科应届，计算机编程相关专业即可，具体工作内容是从事汽车设计软件catia的二次开发工作，代表本公司长期驻扎上汽大众研发中心工作，团队内有行业大师带。
其他技术职位,其他技术职位,10-20K,DB SCHENKER,上海 黄浦区 人民广场,3-5年,本科,TMS expert/PM
其他技术职位,其他技术职位,7-8K,豪君森,上海 嘉定区 马陆,3-5年,学历不限,诚聘丝网印花工6名
其他职位,其他技术职位,8-16K,美菜,上海 静安区 火车站,经验不限,中专/中技,加入我们，就等你来l  国内最大的互联网生鲜电商平台l  D+轮融资，市值预估超过20亿l  年轻+梦想+快乐正能量+踏实进取的l创业型公司，充满机遇和挑战l 为了一个不变的承诺——让老百姓生活更简单美菜网不仅是一家创业公司，更是一片筑梦空间；我们用靠谱的技术堆砌梦想的堡垒，用丰富的经验助力梦想的脚步，永不停歇！更多资讯，请关注我们的官网信息 www.meicai.cn岗位职责：1、收集餐饮业潜在客户和新客户资料，为销售工作做准备；2、访问客户，听取客户意见，并与客户沟通，价格，交货期等销售事宜；3、根据企业销售策略，实施市场销售任务;4、上门拜访客户，建立维护客户关系，提高客户忠诚度;5、定期跟客户做好业务方面的沟通及反馈。任职要求：1、 具有市场销售，团队管理等相关经验;2、 踏实努力，不怕面对困难。3、有团队意识，服从领导安排。销售岗位可就近分配工作地点，高薪等你来挑战！！期待你的加入！！！
其他技术职位,其他技术职位,7-10K,聚宙餐饮公司,上海 闵行区 七宝,3-5年,学历不限,主要负责，茶饮西点和披萨的制作，后期负责产品的更新和教学培训，工作时间早8晚6，加班根据工作情况来定。
其他技术职位,其他技术职位,5-6K,贺全,上海 松江区 莘庄,1年以内,高中,会泡茶，会聊天会打扫
其他职位,其他技术职位,5-10K,美菜网,上海 静安区 火车站,经验不限,高中,通过拜访客户，推销产品，地推销售模式，工作自由，上班时间：早上9点半到下午6点。每月有团建聚餐活动，团队氛围好，有销售经验者或地推经验优先！
其他医疗技术职位,其他技术职位,4-5K,优普生健康,上海 浦东新区 源深,经验不限,大专,为落实“健康中国2030”规划，浦东陆家嘴地区正在通过 “1+1+1+X”的模式，建立社区健康管理服务体系。健康管理师（员）以健康管理站为依托，承担社区居民健康管理职责，成为家庭医生的助手，社区居民的健康卫士。为居民提供健康检查、慢性病风险管理、康复指导等多项服务，传播健康知识和健康理念；同时，以电话访问及上门走访的形式开展健康管理服务工作，完善社区居民的健康档案。经陆家嘴国际联合大学堂培育的一期二期社区健康管理师（员）已经在陆家嘴街道各社区正式上岗。 工作地点：上海 岗位职责：1.  定期定点为社区居民测量生理参数，帮助社区居民建立专属于个人的健康档案；2.  对社区居民的个人健康档案进行管理和维护，为家庭医生对每一个社区居民健康状况的准确判断提供依据，帮助家庭医生对社区居民的潜在疾病进行提前干预，为实现社区养老模式打下坚实的基础；3.  对行动不便或患有疾病需要康复的居民（如：中风后遗症等）以及独居的老人予以饮食、运动及生活等方面的指导及帮助，定期提供上门服务及慰问关心，使居民能够充分感受到来自社区的关爱，老有所依，真正实现社区养老；4.  对于住院治疗的社区居民进行走访慰问，与其家属形成有效联动，帮助居民解决实际生活及健康方面的困难，给予居民来自社区的关怀；5.  协助社区家庭医生开展健康及饮食起居等科学知识的普及工作，传播并推广正确的健康知识，帮助社区居民解决医疗、健康、护理、康复等方面的实际困难及需求；6.  在工作中积累经验，经过培训及考核，有能力独立带领工作小组开展社区工作，并能逐步将工作范围扩展到多个社区；7.  工作站（健康小屋）设施，设备及人员的日常维护及管理。 我们期望您具备以下特质：1.  有志于从事大健康产业；2.  具有一定的管理能力，能够带领团队独立开展工作；3.  具有良好的协调能力和整合能力，能够协助对接社区医疗及生活资源；职位要求：1.  男女不限；2.  25-45岁（有相关专业背景者，年龄可适当放宽）3.  人品端正、气质佳，无传染病史；4.  热爱社区工作，有公益心，乐于助人，对人友善，有爱心，有耐心；5.  有较强的沟通及协调能力，语言表达清晰有条理，工作认真负责；6.  能熟练操作电脑以及办公软件；7.  经上岗培训后，能熟练使用健康管理设备，并能熟练操作信息化平台；8.  护校应届毕业生优先；9.  有医学、护理学、营养学、健康管理、预防医学等专业知识背景者优先；10. 能熟练使用沪语或英语沟通者优先考虑。
其他技术职位,其他技术职位,12-24K,上海旷豪,上海 松江区 石湖荡,10年以上,本科,岗位职责与要求：1.从事热塑性弹性体TPETPR日用品材料或玩具用材料或挤出材料其中一项开发工作连续3年以上，能独立完成从产品配方设计、打样、试样、试产及产品异常追踪改善活动；2.本科及以上学历高子材料类相关专业；3.对本专业英语读写说流利；4.喜爱本专业工作且吃苦耐劳；5.针对重大项目要亲自跟进，时刻跟进相关进度，并定期向上级汇报项目进展情况，直至完成项目；6.善于跟公司各部门以及客户沟通协调；7.对新产品开发具有规划性，定期向上级汇报阶段性成果
其他技术职位,其他技术职位,4-8K,上海琼玖,上海 浦东新区 大团镇,1年以内,大专,"职位：设备调试工程师招聘人数：2位学历：机电、通讯、电子相关专业大专及以上学历经验不限,可接收应届生工资：面议职位描述岗位职责： 1、负责产品部件和整机的装配、调试及相关的技术支持； 2、根据调试工艺指导手册将各功能模块安装到设备上，按技术指标对相应参数进行调试； 3、及时汇总设备调试中遇到的问题并反馈给部门经理，部门经理反馈给相关部门； 4、全面协调并实施测试方案，记录测试情况，提供必要的技术支持及改进建议； 5、对采用新工艺、新方法改进工作提出建议； 6、能适应高强度工作，能根据需要加班。任职要求： 1、机电、通讯、电子相关专业大专及以上学历； 2、接受应届毕业生； 3、具备一定的电工专业知识，钳工知识，熟知安全规范的操作规范； 4、熟悉低压配电线路连接安装，能看懂电气 原理图；"
其他技术职位,其他技术职位,10-14K,大陆汽车,上海 杨浦区 大连,1年以内,本科,汽车电子控制器整车应用参数标定
其他医疗技术职位,其他技术职位,10-11K,宏强富瑞技术,上海 浦东新区 川沙,1年以内,学历不限,工作认真，勤于学习，能够适应经常短期出差
其他技术职位,其他技术职位,4-6K,上海兰银,上海 浦东新区 康桥,1年以内,大专,硬件维护工程师 2名1、熟悉电脑硬件维修维护，熟悉Windows操作系统安装及基本网络知识2、日常工作为简单电脑维修，医疗推车维护等硬件相关维护工作。主要客户为三甲医院。客户现场维护服务，能出差。相关公司产品见公司网站mylannin.cn3、良好沟通能力，诚实可靠，态度决定前途。4、工作地点上海浦东康桥。5、户籍不限。
其他技术职位,其他技术职位,4-8K,奇效会展,上海 闵行区 老闵行,经验不限,学历不限,音响，灯光，视频调试，能吃苦耐劳，无经验，可培训
其他技术职位,其他技术职位,1-2K,雷俊电脑,上海 青浦区 赵巷,经验不限,中专/中技,电脑维修实体店培训技术，包吃包住包学会，有责任心，善于沟通
其他技术职位,其他技术职位,4-5K,法罗化妆品,上海 嘉定区 安亭,1年以内,高中,1.按照研发部给的化妆品配置单进行原料的称重提取。2.根据化妆品配置流程进行乳化作业。3.公司设备的日常保养维护。4.服从上级领导安排。
其他技术职位,其他技术职位,6-7K,牵欣建材,上海 杨浦区 周家嘴路,1年以内,本科,玻璃加工，工程安装，部门经理
其他技术职位,其他技术职位,6-7K,澳创印务,上海 静安区 火车站,1-3年,学历不限,平面设计、书刊排版、印刷完稿。
其他技术职位,其他技术职位,11-12K,央川电子,上海 松江区 新桥,5-10年,中专/中技,"招聘电路板维修工程师1561877岗位职责:1.负责进口名牌各类伺服控制器、工业电源、变频器、触摸屏、工控机等工控产品电路板的检测、故障诊断、维修；2.根据实际维修情况进行元器件请购，提供元器件准确信息，对新购元器件进行检测，如发现问题及时与采购商讨解决办法 ；3. 完工的修复件送交测试间测试，测试通过后，填写维修报告单。任职资格:1、熟悉电路看懂电路图，熟练维修各类模拟电路PCB板、数字电路PCB板，各种电路熟悉掌握；所有维修物品均无图纸维修，要求准确独立可以判断电子元件的好坏，能够独立完成电子电路板的检测和维修，熟悉各种常用电子元件性能，分析判断和动手能力强，会使用各种维修工具，测试设备；能够熟练维修各类进口设备的高压电源开关电源、伺服驱动器 、控制板、工控机、触摸屏等；能熟练使用万用表、示波器等各种工具仪器，会焊接各种密脚芯片，CPU，GPA，PLAD，精通单片机，可以解决各种电路板故障点，各种接口总线。2、动手能力较强,组织纪律性较强。 具备良好的逻辑思维能力、分析判断能力、动手能力；熟悉数字模拟电路，熟悉常用芯片及电路原理， 能够阅读和解释文档 （电路图、 安全规则、 操作和维护说明以及程序手册）3、中专或以上学历；电子技术、电气工程、机电一体化、自动化控制专业；具备电路基本原理, 电子模拟电路、数字逻辑电路等基础知识4、性别、年龄、户籍不限； 6年以上工作经验,有家电、电脑维修经验者优先；经验丰富，有特殊维修思路和维修方法者优先。5353"
其他技术职位,其他技术职位,8-12K,央川电子,上海 松江区 新桥,经验不限,学历不限,"招聘电路板维修工程师岗位职责:1.负责进口名牌各类伺服控制器、工业电源、变频器、触摸屏、工控机等工控产品电路板的检测、故障诊断、维修；2.根据实际维修情况进行元器件请购，提供元器件准确信息，对新购元器件进行检测，如发现问题及时与采购商讨解决办法 ；3. 完工的修复件送交测试间测试，测试通过后，填写维修报告单。任职资格:1、熟悉电路看懂电路图，熟练维修各类模拟电路PCB板、数字电路PCB板，各种电路熟悉掌握；所有维修物品均无图纸维修，要求准确独立可以判断电子元件的好坏，能够独立完成电子电路板的检测和维修，熟悉各种常用电子元件性能，分析判断和动手能力强，会使用各种维修工具，测试设备；能够熟练维修各类进口设备的高压电源开关电源、伺服驱动器 、控制板、工控机、触摸屏等；能熟练使用万用表、示波器等各种工具仪器，会焊接各种密脚芯片，CPU，GPA，PLAD，精通单片机，可以解决各种电路板故障点，各种接口总线。2、动手能力较强,组织纪律性较强。 具备良好的逻辑思维能力、分析判断能力、动手能力；熟悉数字模拟电路，熟悉常用芯片及电路原理， 能够阅读和解释文档 （电路图、 安全规则、 操作和维护说明以及程序手册）3、中专或以上学历；电子技术、电气工程、机电一体化、自动化控制专业；具备电路基本原理, 电子模拟电路、数字逻辑电路等基础知识4、性别、年龄、户籍不限； 6年以上工作经验,有家电、电脑维修经验者优先；经验丰富，有特殊维修思路和维修方法者优先。"
其他技术职位,其他技术职位,4-5K,上海莹锦,上海 浦东新区 川沙,1-3年,学历不限,熟悉铣床，能看图纸能准确安图加工
其他技术职位,其他技术职位,4-6K,密宝文化,上海 松江区 泗泾,经验不限,本科,根据接线说明书现场调试设备直至能正常运行，需要出差，出差一周以上有额外补贴。需要有电子专业基础，能看懂电路图。
其他技术职位,其他技术职位,6-10K,图隆建筑装饰,上海 闵行区 七宝,1-3年,学历不限,主要负责工程部水管的配料、运输及安装主动负责、团队荣誉感强好学、积极正能量具备服务概念为客户创造价值
其他技术职位,其他技术职位,6-7K,JPM门窗,上海 闵行区 虹桥,3-5年,本科,能数量运用CAD画图软件，沟通能力强，对门窗的材料熟悉，有敬业精神，吃苦耐劳
其他职位,其他技术职位,4-6K,宏强富瑞技术,上海 长宁区 北新泾,经验不限,大专,技术培训，稍加学习即可上岗
其他职位,其他技术职位,4-6K,宏强富瑞技术,上海 长宁区 北新泾,1年以内,本科,仪器维修，简单培训即可上岗
其他房地产职位,其他技术职位,6-12K,上海银澜,上海 静安区 彭浦,1-3年,大专,弱电设计、招投标、售前工程师
技术美术,其他技术职位,15-30K,搜狐畅游,上海 杨浦区 江湾,5-10年,大专,"工作职责- 3DMMO手游项目解决技术美术环节工作- 和其他美术师、游戏设计/策划、程序员紧密合作，创建各种特效，把控项目的特效风格及质量标准任职资格- 3年及以上3D特效制作工作经验- 精通Unity,3DMax,Photoshop以及其他美工软件- 精通写实效果，并了解不同的艺术表现风格- 良好的比例、细节、形态及贴图的艺术感觉- 制作和优化“粒子特效”，包括风雨、爆炸、损坏、烟雾、火焰等效果 - 良好的沟通能力，善于团队合作，学习能力强 -  简历请附带作品"
ERP技术支持顾问,其他技术职位,13-17K,上海秦唐信息,上海 普陀区 桃浦,1-3年,本科,"Objective of the job工作目标熟悉iScala ERP或者有其他ERP相关支持经验也可以，基于业务需求提供IT解决方案, 同时为日常业务工作提供咨询和支持。Main tasks主要任务-	Get understanding for business processes and data and provides advisory of the business requirement and define it in the ERP level (design), support testing and training as well as the go-live of the function.-	2nd and further level support of the iScala and iScala Collect system to all the plants, including JVs  -	Keeps contact with Epicor helpdesk,MSC helpdesk  as necessary for incidents resolution-	Hold the template solution and contribution to the delivery to the local plants-	Trains key users, develops training material for his/her trainings (train the trainer approach).-	Act as a single point of contact for all the CRs of iScala to all the plants , including JVs-	Manage Chance Request process and realization (de-sign, build, resource allocations, problems resolu-tion,…) on time on budget with expected quality -	Works on projects and with the consultant company for system deployment / enhancement -	iScala system administrator for user access and role management in iScala and iCollect.-	Adheres to IT processes and to the continuous im-provement initiative-	Collaborate with internal consultant / plant level IT in related area as needed - 基于目前的ERP系统功能，了解业务流程和数据，并提供业务需求建议，能支持测试和培训以及该功能的上线。- 为所有工厂（包括合资企业）提供第二级和更高级别的iScala和iScala Collect系统层面的支持。- 根据事件解决的需要与原厂热线和供应商保持联系。- 熟悉模板解决方案并为交付给当地工厂。- 培训关键用户，为他/她的培训开发培训材料（培训培训师的方法）。- 作为iScala所有工厂（包括合资企业）的需求变更(CR)的单点联系人。- 基于项目管理的质量要求、时间要求等来管理CR流程和实现（从设计，构建，资源分配到问题解决- 和咨询公司一起做公司项目系统部署和优化。- 作为iScala系统管理员，用于iScala和iCollect中的用户访问和角色管理。- 坚持IT流程和持续改进计划- 根据需要与相关领域的内部顾问/工厂级IT协作- 熟练的口头，英文写作- 信息技术学士学位（专注于功能应用）或商业工程师- 深入了解相关ERP（iScala，BPCS，SAP, Oracle, 用友，Microsoft Dynamics等其中一个或者多个）解决方案功能力。- 在相关ERP领域至少有3 - 4年的工作经验- 有制造业相关ERP业务知识-  优先考虑有物流方面经验，或者一级汽车供应商领域的经验Social competences社交能力- 与不同地区的利益相关者沟通良好- 能承担责任，可以在压力下工作"
TechnicalArtist【技术美术工程师】,其他技术职位,15-25K,garena,上海 徐汇区 漕河泾,经验不限,大专,"工作内容:· 研发与更新最新的游戏制作技术，解决与美术制作相关的任何技术问题；· 把新的想法、技术和方法应用于制作，并培训其他员工运用这些技术；· 运用3DS Max或Maya脚本语言来提高效率，开发美术制作工具，优化工作流程；· 维护并监控制作规则和文件资源管理。工作和资历要求：· 熟悉Autodesk 3DS Max 和 Maya；· 熟练使用3D脚本语言（MaxScript和MEL） ；· 有游戏特效制作经验；· 有使用其他脚本语言和编程语言的经验（例如Perl, Python, DOS 批处理脚本,C/C++以及Maya API插件）；· 掌握编程原理、技术、算法和数据结构;· 有Shader编辑经验；· 能编写与制作流程和制作内容相关的技术文档；· 对计算机技术和游戏机硬件有广泛的了解；· 有使用Unreal 3引擎的经验；· 有3D美术背景，对3D有一定的认识，包括次时代；· 热衷于游戏制作，能自我激励，积极进取；· 5年以上相关工作经验。应聘简历请务必附上作品。"
技术支持,其他技术职位,6-7K,上海智尧,上海 闵行区 颛桥,应届生,大专,招聘要求：--  英文口语熟练；--  良好的学习能力；--  能够接受倒班。职位描述：-- 支持亚太区外国同事IT相关技术问题解答和咨询；-- 接听电话、收发邮件支持外国同事的电脑相关问题；-- 了解公司核心SAP\FCS等系统架构，提供专业支持；-- 和国外其他HELPDESK成员沟通；-- 公司提供岗位入职培训和专业培训；-- 根据个人能力及表现，公司可内部优先考虑转正和推荐其他IT部门。工作时间：8小时工作制，做五休二，每六周有一周的夜班（亚太区部分国家时差）公司有八条班车路线，可根据需要搭乘。每年员工享受10天以上带薪假期（入职即有）工作地点：闵行区元江路（5号线北桥附近）福利：免费班车，工作餐，团队活动（运动，聚餐等），节日福利，年假提供免费羽毛球场地，舞蹈课，瑜伽课，桌球室，乒乓球室，篮球场。
IT技术主管,其他技术职位,7-10K,亦凡科技,上海 浦东新区 周浦,1-3年,大专,负责对技术部人员的日常工作安排，管理以及派遣调度。以及技术方案的撰写，实施。制定业务规范和完善技术文档。管理公司业务运营系统、网络监控系统及园区网网络架构设计、运维、升级改造事宜。协助市场人员为客户提供网络情况分析及网络规划建设及升级意见。部门经理交于的其他事宜等知识技能:1、计算机或相关专业，大专及以上学历。拥有NA/NP等网络行业相关证书。2、熟悉主流交换机、路由器、防火墙等网络硬件设备，两年网络相关的工作经历。3、局域网/广域网的实现、故障排除和维护。熟悉思科、华为、H3C等主流网络技术，了解Linux/Windows环境下网络的配置。熟悉cacti/zabbix等网管软件。4、熟悉静态路由，OSPF、IPsecVPN、VRRP、VLAN、STP、VTP、DHCP、NAT、ACL等网络技术及原理。5、熟悉华为等厂商常见的路由器，交换机、防火墙并能熟练配置使用。6、具备对IT技术的强烈热爱和好学心，持续对新技术，新知识保持关注。7、良好的团队合作精神，沟通能力和服务意识，有责任心和敬业精神，为人乐观积极向上。
上海技术支持,其他技术职位,4-5K,安固士(天津)建...,上海  ,1年以内,大专,岗位职责根据销售人员、经销商要求制作预算、概算根据项目要求制作布点图根据项目要求做图纸深化辅助销售人员对接设计院上图其他区域内工作岗位要求可看懂图纸、建筑相关专业、熟练使用CAD
直招IT技术人员驻场,其他技术职位,4-6K,奕奇,上海 静安区 火车站,1年以内,中专/中技,岗位职责：驻场在客户公司处理办公电脑、网络及其设备的维护、管理、故障排除等日常工作，确保公司网络日常的正常运作；任职资格：网络管理员及IT技术支持工作经验；工作主动性强，耐心细致，有责任心，具备团队合作精神。       <致关注奕奇、并期望加入奕奇的朋友的一封信>亲爱的朋友：您好!      首先，我代表奕奇欢迎你申请我们的职位！      选择职业和选择公司是人生的重要决定。多年以后，你会发现当年你们同在一个教室里求学的同学，或者同在一起共事的同事，有的很成功，有的很平庸，有的很失败。除掉主客观的各种其他原因，一个重要原因就是：有的很早就找到了适合自己的位置，一步一个脚印，不断进步，不断成功。有的一辈子找不到自己的位置，东一榔头西一棒子，浑浑噩噩，稀里糊涂，混来混去，虚掷了一生。可能你现在还较年轻，现在可能体会不到这一点。但这个世界上的事情往往是，当你体会到的时候，已经太晚了。      先说IT服务这个行业：     IT服务行业没有暴力，没有什么花里胡梢的东西。这是一个脚踏实地、辛辛苦苦、老老实实的行业，一分耕耘一分收获的行业。      这个行业很辛苦，我们每天面临形形色色的用户，面对各种各样的要求，有的时候，奔忙在用户现场。      这个行业很琐碎。要求非常细心，非常耐心。日复一日，不厌其烦，错一点都可能导致大的事故和损失。      很多人过高地期望这个行业，很多人会不适应这个行业。但也有一些人喜欢这个行业，而且越干越喜欢。我也不知道是为什么，可能人就是很不一样。那么你呢？      我再介绍一点奕奇的情况。首先，你可以访问我们的网站：www.sh-yq.com这样你对奕奇的情况和我们的服务会有一个大致的了解。我们还是一个正在快速成长的公司。不像中国银行或者通用汽车这样的大企业，你也许会被这样的大企业的名气所吸引。但我们愿意不断吸纳人才，为人才提供发展的空间和平台。      但是，凡事有利就有弊。在大企业，往往你就像一颗螺丝钉一样，长期从事很狭窄和固定的工作。但是在我们这里，你可能得到综合的锻炼和上升机会。而我们的薪酬水平，并不比这些大企业差――前提是你适合我们公司并且把我们的工作当作你的事业看待。在我们企业发展到今天，我们可以负责地说，我们是发展稳健，财务健康，员工待遇和福利不断提高的公司。      希望你对这个行业，我们公司和这份工作已经有了大致的了解。那么接下来的问题就是：你还想继续你的申请吗？想诚恳地给你几个建议：      一、不要因为你目前没有工作，就急不可待地就职于任何一个第一个给你工作的公司。或者你在外地，想到上海发展，不管三七二十一，先找一个工作，一边干再一边找。在超市可能可以这样，在我们这儿不行。我已经说过，如果你不适合我们这个行业和这个岗位，你即使想混也混不下去，几天都混不下去。      二、不要轻易换工作。也许你现在有一份工作，但有这样那样的不满，比如你觉得工资太低，你就满世界发求职信，反正现在有互联网，点击几下，几十份求职信就发出去了。很多申请我们公司的人当我们打电话问他（她）时，他都不记得自己申请过我们公司。我把这样的做法称做“瞎混”，上海话叫做“倒浆糊”。这样纯粹在浪费你自己和别人的时间。这样的职业态度是很不可取的。我想再补充一点，我们这儿工资不比别人低，但在我们还不确认你是否适合并愿意从事这个行业，愿意和我们公司一起发展之前，你的起薪也高不到哪里去。你别忘了，只有那些细心，耐心，能吃苦，综合能力强的人，才适合我们，才会有好的收入和好的发展。你是这样的人吗？即使你是，你也需要一两年让我们确信你是。在我们确信以后，我们会及时调整你的工资。      三、不要因为一时找不到工作而到我们这儿混一下，我们这儿很难混。不要被“IT”“高科技”这样的词所迷惑，现实没有那么浪漫。      如果你想明白了，你不适合这个工作，这不是你愿意干的，你有更好的选择。那么，你就此打住。我们祝你好运。      如果你认定你是这样的人，细心，耐心，专心，脚踏实地，勤勤恳恳，能吃苦，并且你愿意试一试在这个领域长期发展，并且一做就是几年，期待你的加入！
环保技术主管,其他技术职位,20-25K,上海上胜,上海 宝山区 吴淞,3-5年,本科,岗位职责：精通土壤地下水等环保领域专业知识，精通技术工作（包括组织实施招投标管理工作、场地环境调查、风险评估和修复技术方案编制工作、工程现场协调组织管理和方案实施）熟悉国内行业法律、法规和技术规范；具备跟踪国内外最新专业技术并加以合理应用的能力；熟悉其他环保相关领域技术，具有较强的市场敏感度；配合公司团队管理、指导学习、培训，提升团队技术水平；配合公司领导进行市场拓展、完成公司安排的其他工作任务。任职要求：良好的个人品格和修养，有责任心，具有敬业精神和优秀的职业操守，认同公司文化；专注土壤修复行业；具有独立完成土壤调查、风评、修复方案、修复工程的工作经验；了解环境科学与技术的理论前沿和发展动态;掌握文献检索、资料查询的基本方法，具有初步的科学研究和实际工作能力熟悉环评要求、有土壤调查及修复工作5年及以上工作经验者优先。
资深技术建筑师,其他技术职位,25-33K,Archibucks,上海 黄浦区 人民广场,10年以上,本科,"岗位职责：-对中国的设计规范和法规有详尽的了解-对问题能提出建设性解决方案并深化方案-对相关条理有所了解，如结构工程-熟悉现行技术发展及材料-对现行革新，客户，设计市场有所了解-能激发并培训设计员工-能与各水平线上的甲方进行交流-给设计师提供技术指导和支持-确保技术文件的品质-协助设计方向及概念-拥有良好的交流及管理技巧-独立且具有责任心-具有社交能力，善于交际和人事管理-相信并有意愿创建新的技术解决方案-与所有的资深项目建筑师保持密切联系任职资格：-至少有10年的扩出和施工图设计的工作经验-在设计，施工，技术，文化及技术可能性领域有专业知识-能把概念和想法实施为扩出和施工图文件-与工程师协调-与政府指派院系能互动合作-愿意协助施工监理工作-对中国设计规范有详尽的了解-指导主持项目以确保按时按量完成高品质的设计成果-注册建筑师优先-会使用autoCAD, office 及其他相关软件"
招懂英文的IT技术支持工程师,其他技术职位,5-7K,奕奇,上海 静安区 火车站,1-3年,本科,岗位职责：驻场在客户公司负责解决办公电脑、网络及其设备的维护、管理、故障排除等日常工作，确保公司网络日常的正常运作；任职资格：网络管理员及IT技术支持工作经验；，会英文听说，工作主动性强，耐心细致，有责任心，具备团队合作精神。       <致关注奕奇、并期望加入奕奇的朋友的一封信>亲爱的朋友：您好!      首先，我代表奕奇欢迎你申请我们的职位！      选择职业和选择公司是人生的重要决定。多年以后，你会发现当年你们同在一个教室里求学的同学，或者同在一起共事的同事，有的很成功，有的很平庸，有的很失败。除掉主客观的各种其他原因，一个重要原因就是：有的很早就找到了适合自己的位置，一步一个脚印，不断进步，不断成功。有的一辈子找不到自己的位置，东一榔头西一棒子，浑浑噩噩，稀里糊涂，混来混去，虚掷了一生。可能你现在还较年轻，现在可能体会不到这一点。但这个世界上的事情往往是，当你体会到的时候，已经太晚了。      先说IT服务这个行业：     IT服务行业没有暴力，没有什么花里胡梢的东西。这是一个脚踏实地、辛辛苦苦、老老实实的行业，一分耕耘一分收获的行业。      这个行业很辛苦，我们每天面临形形色色的用户，面对各种各样的要求，有的时候，奔忙在用户现场。      这个行业很琐碎。要求非常细心，非常耐心。日复一日，不厌其烦，错一点都可能导致大的事故和损失。      很多人过高地期望这个行业，很多人会不适应这个行业。但也有一些人喜欢这个行业，而且越干越喜欢。我也不知道是为什么，可能人就是很不一样。那么你呢？      我再介绍一点奕奇的情况。首先，你可以访问我们的网站：www.sh-yq.com这样你对奕奇的情况和我们的服务会有一个大致的了解。我们还是一个正在快速成长的公司。不像中国银行或者通用汽车这样的大企业，你也许会被这样的大企业的名气所吸引。但我们愿意不断吸纳人才，为人才提供发展的空间和平台。      但是，凡事有利就有弊。在大企业，往往你就像一颗螺丝钉一样，长期从事很狭窄和固定的工作。但是在我们这里，你可能得到综合的锻炼和上升机会。而我们的薪酬水平，并不比这些大企业差――前提是你适合我们公司并且把我们的工作当作你的事业看待。在我们企业发展到今天，我们可以负责地说，我们是发展稳健，财务健康，员工待遇和福利不断提高的公司。      希望你对这个行业，我们公司和这份工作已经有了大致的了解。那么接下来的问题就是：你还想继续你的申请吗？想诚恳地给你几个建议：      一、不要因为你目前没有工作，就急不可待地就职于任何一个第一个给你工作的公司。或者你在外地，想到上海发展，不管三七二十一，先找一个工作，一边干再一边找。在超市可能可以这样，在我们这儿不行。我已经说过，如果你不适合我们这个行业和这个岗位，你即使想混也混不下去，几天都混不下去。      二、不要轻易换工作。也许你现在有一份工作，但有这样那样的不满，比如你觉得工资太低，你就满世界发求职信，反正现在有互联网，点击几下，几十份求职信就发出去了。很多申请我们公司的人当我们打电话问他（她）时，他都不记得自己申请过我们公司。我把这样的做法称做“瞎混”，上海话叫做“倒浆糊”。这样纯粹在浪费你自己和别人的时间。这样的职业态度是很不可取的。我想再补充一点，我们这儿工资不比别人低，但在我们还不确认你是否适合并愿意从事这个行业，愿意和我们公司一起发展之前，你的起薪也高不到哪里去。你别忘了，只有那些细心，耐心，能吃苦，综合能力强的人，才适合我们，才会有好的收入和好的发展。你是这样的人吗？即使你是，你也需要一两年让我们确信你是。在我们确信以后，我们会及时调整你的工资。      三、不要因为一时找不到工作而到我们这儿混一下，我们这儿很难混。不要被“IT”“高科技”这样的词所迷惑，现实没有那么浪漫。      如果你想明白了，你不适合这个工作，这不是你愿意干的，你有更好的选择。那么，你就此打住。我们祝你好运。      如果你认定你是这样的人，细心，耐心，专心，脚踏实地，勤勤恳恳，能吃苦，并且你愿意试一试在这个领域长期发展，并且一做就是几年，期待你的加入！
技术工程师,其他技术职位,5-8K,复园科技,上海 杨浦区 五角场,经验不限,大专,职位概要：为公司产品提供售前售后技术支持服务。工作内容：负责向客户提供专业的产品售前、售中、售后的技术支持服务；负责提供与公司产品的安装、培训、维修有关的技术支持服务；及时向部门负责人反馈用户对产品的意见及需求等相关信息。任职资格教育背景：计算机、通信、电子、数学及其他相关专业，大专以上学历。培训经历：不限。经验：不限。技能技巧：◆良好的团队协作和心理承受能力；◆具备高度工作责任心，积极、主动、认真、善于沟通和交流；◆声音纯正、普通话流利标准，有一定的英文听说读写能力；◆具备一定的计算机、网络综合知识；态    度：◆良好的客户服务意识；◆工作认真，踏实肯干，主动，胆大心细；◆头脑灵活，具有很强的应变能力和市场开拓精神，喜欢从事具有挑战性的工作。
招驻场桌面运维IT技术员,其他技术职位,4-6K,奕奇,上海 静安区 火车站,1-3年,本科,岗位职责：驻场在客户公司负责解决办公电脑、网络及其设备的维护、管理、故障排除等日常工作，确保公司网络日常的正常运作；任职资格：网络管理员及IT技术支持工作经验；工作主动性强，耐心细致，有责任心，具备团队合作精神。       <致关注奕奇、并期望加入奕奇的朋友的一封信>亲爱的朋友：您好!      首先，我代表奕奇欢迎你申请我们的职位！      选择职业和选择公司是人生的重要决定。多年以后，你会发现当年你们同在一个教室里求学的同学，或者同在一起共事的同事，有的很成功，有的很平庸，有的很失败。除掉主客观的各种其他原因，一个重要原因就是：有的很早就找到了适合自己的位置，一步一个脚印，不断进步，不断成功。有的一辈子找不到自己的位置，东一榔头西一棒子，浑浑噩噩，稀里糊涂，混来混去，虚掷了一生。可能你现在还较年轻，现在可能体会不到这一点。但这个世界上的事情往往是，当你体会到的时候，已经太晚了。      先说IT服务这个行业：     IT服务行业没有暴力，没有什么花里胡梢的东西。这是一个脚踏实地、辛辛苦苦、老老实实的行业，一分耕耘一分收获的行业。      这个行业很辛苦，我们每天面临形形色色的用户，面对各种各样的要求，有的时候，奔忙在用户现场。      这个行业很琐碎。要求非常细心，非常耐心。日复一日，不厌其烦，错一点都可能导致大的事故和损失。      很多人过高地期望这个行业，很多人会不适应这个行业。但也有一些人喜欢这个行业，而且越干越喜欢。我也不知道是为什么，可能人就是很不一样。那么你呢？      我再介绍一点奕奇的情况。首先，你可以访问我们的网站：www.sh-yq.com这样你对奕奇的情况和我们的服务会有一个大致的了解。我们还是一个正在快速成长的公司。不像中国银行或者通用汽车这样的大企业，你也许会被这样的大企业的名气所吸引。但我们愿意不断吸纳人才，为人才提供发展的空间和平台。      但是，凡事有利就有弊。在大企业，往往你就像一颗螺丝钉一样，长期从事很狭窄和固定的工作。但是在我们这里，你可能得到综合的锻炼和上升机会。而我们的薪酬水平，并不比这些大企业差――前提是你适合我们公司并且把我们的工作当作你的事业看待。在我们企业发展到今天，我们可以负责地说，我们是发展稳健，财务健康，员工待遇和福利不断提高的公司。      希望你对这个行业，我们公司和这份工作已经有了大致的了解。那么接下来的问题就是：你还想继续你的申请吗？想诚恳地给你几个建议：      一、不要因为你目前没有工作，就急不可待地就职于任何一个第一个给你工作的公司。或者你在外地，想到上海发展，不管三七二十一，先找一个工作，一边干再一边找。在超市可能可以这样，在我们这儿不行。我已经说过，如果你不适合我们这个行业和这个岗位，你即使想混也混不下去，几天都混不下去。      二、不要轻易换工作。也许你现在有一份工作，但有这样那样的不满，比如你觉得工资太低，你就满世界发求职信，反正现在有互联网，点击几下，几十份求职信就发出去了。很多申请我们公司的人当我们打电话问他（她）时，他都不记得自己申请过我们公司。我把这样的做法称做“瞎混”，上海话叫做“倒浆糊”。这样纯粹在浪费你自己和别人的时间。这样的职业态度是很不可取的。我想再补充一点，我们这儿工资不比别人低，但在我们还不确认你是否适合并愿意从事这个行业，愿意和我们公司一起发展之前，你的起薪也高不到哪里去。你别忘了，只有那些细心，耐心，能吃苦，综合能力强的人，才适合我们，才会有好的收入和好的发展。你是这样的人吗？即使你是，你也需要一两年让我们确信你是。在我们确信以后，我们会及时调整你的工资。      三、不要因为一时找不到工作而到我们这儿混一下，我们这儿很难混。不要被“IT”“高科技”这样的词所迷惑，现实没有那么浪漫。      如果你想明白了，你不适合这个工作，这不是你愿意干的，你有更好的选择。那么，你就此打住。我们祝你好运。      如果你认定你是这样的人，细心，耐心，专心，脚踏实地，勤勤恳恳，能吃苦，并且你愿意试一试在这个领域长期发展，并且一做就是几年，期待你的加入！
服务器端开发工程师/技术专家,其他技术职位,30-55K·14薪,触宝,上海 徐汇区 虹梅路,5-10年,本科,触宝（股票代码：CTK）数字化内容事业部（Digital Content Div）是触宝于2018年成立的海外业务部门，面向美国及东南亚地区，为超过百万的用户提供有趣的短视频内容。目前共有60多名正式成员分别位于上海和硅谷，技术团队中美合作。————————————————————你将会：与跨国团队一起开发信息流产品，面向全球市场推广属于自己的产品与整个团队一起定义产品未来的走向，用你的智慧去决定一个产品的未来参与以及负责整个产品后台的infrastructure以及大数据平台的建立与优化深度切入整个内容系统，推荐系统，以及与公司其他产品相关team的技术合作交流————————————————————你需要：多年的互联网产品研发经验，对信息流产品有着深入的理解以及热情对高并发系统有着深入的理解和丰富的经验多年的java后台开发经验，熟悉常用java网络开发框架，包括但不限于jetty，nginx精通常用的开源软件包括但不限于mongodb，redis，mysql，kafka等有着强的跨团队交流能力以及技巧，能够独立推动产品后台前进
生物技术支持,其他技术职位,20-25K·13薪,懿贝瑞,上海  ,经验不限,博士,方案设计，报价，实验技能：肿瘤细胞培养；原代细胞分离；细胞转染；细胞功能实验（CCK8、克隆形成、Brdu、侵袭、划痕等）；细胞分选；荧光定量PCR；载体的构建；病毒的包装；WB；IF、IHC；多克隆/单克隆抗体制备;基因芯片；动物饲养、模型的构建（荷瘤小鼠模型及其他动物模型）等任职资格：生物技术、基础医学、药学等相关专业
技术主管 项目经理,其他技术职位,6-12K,上海众通,上海 奉贤区 海湾,5-10年,大专,岗位职责：-协助部门的日常管理工作；-围绕企业下达的销售目标拟写营销方针和策略计划，执行销售计划；-负责成熟产品的市场维护，新产品/项目的开拓工作及客户维护工作；-定期或不定期拜访重点客户，调查汇报客户的重要动向以及竞争对手的情况并进行反馈和跟踪落实监督；-制定完善技术资料管理制度，对技术资料的使用、归档管理工作负责；-对开发试模产品的质量缺失应纳入并监督不断完善PFMEA的落实跟踪；-推进项目的实施，负责项目的开发、试模、交样及跟踪；-完成上级交办的其他工作。任职资格：-机械、电子等相关专业全日制本科及以上学历；-年以上部门管理岗位工作经验，5年以上技术团队协同开发经验；-良好的英语听、说、读、写能力;-良好的电脑知识，能熟练使用MS、OFFICE、CAD、UG等办公软件；-对EPP行业有深刻认知及了解；-有较强的市场感知能力、敏锐地把握市场动态、市场方向的能力；-密切的供应商技术合作关系，具备专业的技术沟通能力；-具有优秀的自主学习能力，自我管理能力，愿意面对高压力高强度工作；-高度的工作热情，具有优秀的团队管理能力；-具有高度责任心，具有优秀的应急响应能力和解决问题的能力；；-出色的人际沟通能力、团队建设能力、组织开拓能力。
技术工程师,其他技术职位,8-9K,上海迪阳化工进出...,上海 浦东新区 世纪公园,1-3年,大专,岗位描述：工艺专业工程设计，进行流程和操作单元设计；化工相关的计算及平衡；专业图纸的绘制；其他相关工作。 任职要求：学历及专业: 大专及以上学历，化学工程与工艺相关专业、化工机械专业；经验: 1年以上相关工作经验，从事化工工程公司工作经验优先；熟练使用AUTOCAD等画图软件和OFFICE办公软件；学习动手能力强，吃苦耐劳、工作认真负责，适应出差安排。
网络工程师（深信服）,其他技术职位,7-12K,有为信息,上海 杨浦区 五角场,1-3年,大专,负责网络集成项目的现场实施，做好实施过程中的相关配置记录，整理并编写项目文档；负责用户的故障报修处理、现场技术支持等；负责项目验收后的巡检及服务工作；部门安排的其他工作事宜。任职资格1、大专以上学历，计算机网络、电子通信、自动化等相关专业，1年以上网络集成实施工作经验；2、网络基础扎实，熟悉路由、交换等相关技术原理，包括：NAT/PAT、策略路由（PBR）、OSPF、VRRP/HSRP、VLAN/Trunk、DHCP、STP等知识，并能灵活配置运用；；3、熟悉CISCO/华为/华三等主流厂商的路由器、交换机配置；4、熟悉深信服产品，如上网行为管理、负载均衡、防火墙、VPN等产品一种以上并获得深信服高级认证者优先；5、具有厂商培训经验或认证资质者CCNP/HCNP/H3CTE优先。
Java,其他技术职位,25-50K,阅文集团,上海 浦东新区 张江,5-10年,本科,工作职责 - 负责参与阅文集团通用平台相关系统的设计和实现- 能独立完成技术设计方案- 与产品团队和其他技术团队密切合作，能主动驱动团队，协调团队协作- 保障业务系统的高可用、数据一致性、高性能、容量规划和稳定运行 职位要求 1、扎实的计算机基础、热心于用靠谱的技术解决业务问题和创造业务价值； 2、熟练掌握 java 服务常用技术、常见 JVM 调优方法，熟练使用 Spring、Spring MVC、MyBatis 等框架，熟悉常用设计模式，具有良好的编码能力和编码风格； 3、熟悉 MySQL 的应用开发、常见的性能调优和可扩展性设计，熟悉事务、锁、并发等机制； 4、掌握分布式缓存、消息队列的使用；有大型分布式、高并发、高负载、高可用性系统设计开发经验者优先； 5、一定的业务敏感性，善于捕捉业务需求，一定的技术规划和设计能力，发现架构设计中存在的问题，并给出有效的解决措施和方法； 6、具备良好的团队合作精神和承压能力，执行力和战斗力强，善于学习和思考，能独立分析和解决问题 7、熟悉常见的版本控制工具(Git等)
DBA,其他技术职位,20-35K·13薪,garena,上海 徐汇区 漕河泾,3-5年,本科,"作为一个DBA, 你将会负责保证我们游戏以及网站服务的数据库的稳定性以及高可用. 你将会和团队一起, 根据项目的进度来做安装, 配置, 数据库设计, 数据迁移, 性能调优, 数据监控, 安全控制, 查找线上问题, 数据备份和恢复等重要工作JD作为主要的联系人和管理员来支持所有的数据库相关的服务保证数据库系统和相关服务数据的完整性, 可用性和安全性优化数据库的性能作为数据库技术的专家, 帮助团队搭建可靠的数据库以及数据分析平台对现有的以及将来的数据库服务器的硬件软件做benchmark测试需求:MySQL数据库专家, 精通包括数据库操作, 数据库高可用, 性能调优, 扩容计划, 自动备份和恢复精通MySQL 复制, 主从同步, 灾难恢复, 负载均衡对于其他数据相关的技术例如MPP databases, multiple relational databases和NoSQL有一定经验快速分析定位数据库相关问题并给出解决方案熟悉Bash, Ruby, Perl, C/C++, Java, PHP和Python"
移动客户端部_C++服务端研发工程师,其他技术职位,20-30K,百度,上海  ,经验不限,本科,-负责服务端研发工作 -负责服务器端架构开发和架构改造，改造架构适合产品高效迭代上线 -代码编码，并对代码质量负责 -与其他研发、产品、测试等同学共同参与项目评审、方案评审
移动客户端部_PHP研发工程师,其他技术职位,20-30K,百度,上海  ,经验不限,本科,-负责百度手机输入法服务端开发与优化 -参与产品需求讨论，对用户体验敏感，能主动思考和提出产品建议 -协同其他相关角色共同实现产品目标的达成
C++助理工程师,其他技术职位,7-9K,东硕科技,上海 宝山区 吴淞,应届生,本科,-计算机，电子或其他相关专业，本科或以上学历- 熟练掌握C/C++等编写语言- 掌握计算机数据结构，算法等基础知识- 有Windows或Linux系统下的开发经验者优先- 具有良好的团队合作精神和沟通能力-在校成绩在班级前15%的应聘者优先。
高级系统架构师,其他技术职位,25-40K·14薪,DATATOM,上海 徐汇区 漕河泾,5-10年,本科,"岗位职责 独立负责软件系统的应用架构, 数据架构和技术架构设计, 参与基础设施架构设计工作.能负责和领导技术方案选型, 关键技术问题攻关.编写符合规范的系统架构设计, 概要设计, 接口设计, 开发设计等技术文档负责对现有系统重构, 新技术预研并参与技术路线规划.负责承担代码质量评审, 模块设计评审,指导开发人员的开发和代码优化工作,指导测试人员完成系统性能和非功能性需求的的相关测试工作.组织研发技术人员的学习和技能培训,提升整体工作效率和技术能力. 任职要求计算机或其他相关专业全日制本科及以上学历,5年或以上研发工作经验,2年以上软件项目系统设计和架构设计经验.有大型软件系统集成项目成功案例, 参与分布式系统核心开发和设计、重构经验者优先精通Linux系统，熟悉分布式集群、容器技术、微服务架构、负载均衡、缓存、网络存储等技术. 熟悉高可用系统设计及性能评估方法, 熟悉系统安全机制.精通一门或以上系统开发语言(java/go/C/C++), 熟悉 bash shell, python 等常用脚本语言, 掌握常用的软件设计模式, 熟悉软件工程方法. 精通 go 语言者优先.精通 C/S、B/S模式软件系统设计和开发模式，熟练掌握一种或多种主流数据库, 能熟练使用分布式存储、分布式计算/流计算、缓存和消息队列等常用技术栈构建分布式应用. 熟悉 elasticsearch, k8s,有微服务设计和治理经验者优先.系统基础知识扎实, 熟悉常见协议, 掌握系统性能评估和优化方法, 对基础硬件设施有一定了解关注技术发展趋势和流行方向, 有新兴技术的探索意愿.有优秀的沟通能力, 能协调不同团队和部门完成方案落地. 有研发主管或项目管理经验优先."
3D角色模型师,其他技术职位,15-29K·13薪,garena,上海 徐汇区 漕河泾,5-10年,学历不限,•	负责游戏角色的3D制作（模型，UV，贴图）游戏内主角、NPC、BOSS、怪物等的建模及贴图绘制；•	能良好的遵循原画设计师的艺术风格，项目整体风格；•	与团队其他组员保持良好的沟通，保证项目的质量与进度；•	负责与外包团队沟通，质量验收，进度跟踪。岗位要求：•	美术专业毕业，美术功底扎实，富有想象力，创造力，3年以上游戏行业3D美术从业经验，有手绘与雕刻高模经验；•	具备良好的视觉审美能力，对结构剪影和质感有较深的理解；•	熟练使用3DSMAX或MAYA、ZBRUSH、PHOTOSHOP、BODYPAINT等相关制作软件；•	熟练制作低多边形角色和高模角色，对质感和形体结构有深入的理解和手绘贴图功底，较强的学习能力，能不断提高游戏美术表现力；•	对Unity引擎有一定了解，熟悉次时代和纯手绘角色的制作方式、要求、规范；•	良好的沟通能力，积极主动解决问题，并能承受工作压力，良好的执行能力，有较强的团队合作意识，有责任心 ；•	熟悉主流游戏美术风格，热爱游戏，对游戏行业有热情；•	应聘简历务必附作品。
Linux嵌入式软件开发工程师,其他技术职位,12-24K,安霸半导体,上海 浦东新区 世纪公园,经验不限,本科,工作职责：嵌入式Linux 系统的应用程序开发，音视频相关的软件开发，以及设备驱动程序的开发和维护。为全球客户提供缜密的技术支持，使得客户能更好地运用安霸的解决方案。与其他部门共同合作完成软件开发，并为客户撰写技术文档。职位要求:1.	计算机或电子工程相关专业，本科或硕士毕业生2.	2 - 5年嵌入式系统开发的工作经验3.	良好的C语言编程功底，和软件开发的基础实践，较好的编程习惯。4.	对Linux系统的基础知识的了解5.	对计算机体系结构和操作系统相关知识的了解6.	对嵌入式系统的硬件组成以及设备接口(I2C/SPI/I2S/UART)的了解7.	对camera工作原理的了解8.	对音视频和网络基础知识的了解9.	良好的自学能力和钻研能力10.	扎实肯干，虚心好学11.	有Linux底层开发经验者优先考虑12.	数学基础好的同学优先考虑
数据处理工程师（上海）,其他技术职位,10-15K,云联高科,上海 黄浦区 豫园,3-5年,本科,"岗位职责根据所建设项目之数据需求，配合数据开发组主管对数据源系统进行数据梳理和映射关系梳理；负责系统内数据质量检验、各个层级间ETL过程设计和开发、数据初始化、指标开发、性能优化等，保证符合业务要求和性能要求；配合数据建模师进行数据模型设计，保证数据模型满足系统所承载之业务和功能要求，符合数据库设计规范、性能、扩展性等需求；对自己及其他成员的ETL代码进行自测并出具测试报告参与SIT测试，配合UAT测试，及时响应及解决问题负责现有项目的数据维护工作；负责相关技术文档的编写。任职要求全日制本科及以上学历，计算机相关专业。能力优先者，可放宽至大专；3-5年BI项目和数据库开发工作经验，对主流数据库架构具有良好的认识，熟悉数据类项目开发流程。有2年以上Oracle数据库使用经验，熟悉SQL，熟练进行存储过程编写；至少熟悉一种以上的主流ETL工具，如Kettle，DataStage、Informatica等；有金融行业ETL开发经验者优先熟悉Linux或AIX操作系统及Shell脚本开发；熟练掌握报表工具, 至少熟悉一种以上的主流报表工具，如BIEE、Cognos、BO等；具有良好的沟通能力，有较强的独立工作能力和解决问题的能力；精通数据库设计原理，有大型数据仓库、数据集市类项目实践经验者优先；具有良好的职业素质，强烈的工作责任心、有良好的沟通能力和团队合作精神、承压能力；工作地点上海银行(豫园支行) 上海市黄浦区复兴东路685号特殊说明1、本岗位为长期驻场的外派岗位（长期项目）2、面试时统一对外是吉贝克公司"
前端开发工程师,其他技术职位,15-30K,上海瀚途,上海 杨浦区 五角场,3-5年,本科,"汇报对象：架构师/技术经理岗位职责：负责web、移动端前端产品的开发，架构设计，性能优化，并指导其他前端工程师；参与产品的需求分析,模块概要设计，模块详细设计，代码编写，单元测试等工作，对产品质量负责；针对产品需求制定开发计划并组织组员实现需求；与后端工程师和测试经理进行技术沟通、交流，相互配合完成任务。岗位要求： 至少3年以上的前端开发经验，有带领过多人团队经验者优先；具有一定的后端开发经验，如Nodejs，Java，PHP，C++等；具有前端性能优化、解决多浏览器及多终端设备兼容性的经验；能够对现有的前端架构提出优化建议和改进方案；熟悉JS以及主流JS框架，熟悉jQuery, React, Angular, IONIC等，熟悉SASS, LESS, Require JS, grunt, gulp 等工具；熟练掌握ES2015语法；熟练使用Git等工具管理项目代码；逻辑清楚，思维清晰，代码规范，具备良好的分析、理解、解决问题的能力；富有团队精神，愿意接受新技术新思维，具有良好的学习能力、沟通能力和团队管理能力。加分项：熟悉Linux下的基础操作；有写博客的习惯和良好的总结能力；热爱参与开源项目；长期坚持阅读源码。"
产品经理（社区）,其他技术职位,15-30K,即刻,上海 杨浦区 五角场,3-5年,本科,职位描述·深度参与即刻社区的设计和建设过程·深度参与社区/社交/UGC相关功能的需求研究、功能策划和迭代优化·参与社区产品的用户研究，与数据分析、运营团队协作不断优化社区/UGC功能的体验，提升相关指标·参与团队内其他与产品优化与增长相关的工作职位要求·本科及以上学历·1~5年社区/社交/UGC类产品相关经验·好奇心强，富有主动性和责任感，逻辑清晰，对数据敏感，执行力强，擅长沟通和团队合作·对社区/社交/UGC类产品有较深刻理解，对市场上相关新产品信息有充分认识即刻用户加分项·有行业头部产品或社区模块相关经验
3D Character Artist  【3D角色模型师】,其他技术职位,15-20K,garena,上海 徐汇区 漕河泾,5-10年,本科,工作内容： •	负责游戏角色的3D制作（模型，UV，贴图），游戏内主角、NPC、BOSS、怪物等的建模及贴图绘制；•	能良好地遵循项目整体风格和原画设计师的艺术风格；•	与团队其他组员保持良好的沟通，保证项目的质量与进度；•	负责与外包团队沟通对接，进度跟踪，质量验收。工作要求：•	美术专业毕业，美术功底扎实，富有想象力和创造力，3年以上游戏行业3D美术从业经验，有手绘与雕刻高模经验；•	具备良好的视觉审美能力，对结构剪影和质感有较深的理解；•	熟练使用3DS Max或Maya、ZBrush、Photoshop、Bodypaint等相关制作软件；•	熟练制作低多边形角色和高模角色，对质感和形体结构有深入的理解和手绘贴图功底，较强的学习能力，能不断提高游戏美术表现力；•	对Unity引擎有一定了解，熟悉次时代和纯手绘角色的制作方式、要求、规范；•	良好的沟通能力，积极主动的问题解决能力，良好的执行能力，较强的团队合作意识和责任心，较强的抗压能力；•	熟悉主流游戏美术风格，热爱游戏，对游戏行业有热情。
IT工程师,其他技术职位,5-7K,上海秦唐信息,上海 普陀区 桃浦,1-3年,本科,"职位名称：IT 工程师 职位说明：-监控和维护本地系统，包括IT设备库存管理；-执行日常IT维护计划（例如技术更新、硬件升级等）；-持续维护和支持本地台式机、笔记本和工作站。-监控本地服务器环境，根据要求协助备份和恢复数据工作；-协助监督和管理局域网（LAN）、电话系统和楼宇接入系统；-所有硬件组件和软件许可证的资产管理；-新的和现有的操作系统软件的配置和测试；-故障诊断和解决；-基础设施的设计和文件管理；-与项目团队配合，遵循公司标准执行部门计划；-与亚太区其他工厂IT沟通，确保公司IT标准的实施；-周一至周五（当地时间）的工作和非工作时段、周末和节假日紧急情况的随叫随到支持； 职位要求：-大专以上学历，计算机或相关专业-快速学习能力和团队精神，良好的服务意识和支持承诺-良好的英语能力和沟通能力，能够在国际环境中工作并支持用户-较强的抗压能力，能适应高强度的工作-有1-2年IT技术支持经验，熟悉微软的产品，包括但不限于O365, Active Directory（MCSA级）、网络服务和安全（Cisco&Fortinet产品）等；"
运维工程师-手游,其他技术职位,15-20K·15薪,游卡桌游,上海 闵行区 静安新城,3-5年,大专,"职位描述： - 负责服务器日常维护(网站安全、配置、主机监控巡检、备份及容灾)；- 负责新系统的部署安装及运行环境搭建与配置；- 负责现有业务运营系统的日常维护、系统监控、数据备份等工作；- 负责新旧数据库服务器数据库安装、配置管理和数据库性能调优工作；- 负责维护系统正常运行和设备配置的管理；- 负责业务应用程序的更新；- 负责编写脚本，设置监控和其他自动化完成功能；- 对公司现有业务系统服务器出现紧急故障或事件,能及时响应并做出处理；- 在运维工作中主动发现问题，提出合理化建议和优化手段。岗位要求：      -三年以上Linux系统和游戏运维工作经验； - 精通Linux操作系统维护，常用服务的配置- 精通Linux下Tomcat，Java等主流服务器的搭建和性能优化； - 熟悉消息队列、Zabbix、Jenkins、Redis、Docker、git、svn等软件的配置管理及应用- 熟悉shell及python脚本编写- 熟悉mysql数据库的安装、配置、优化、例行维护与备份；- 了解CDN原理与维护；- 了解基础的网络原理与配置；- 有手游游戏运维经验者优先；- 有云服务器运维经验者优先；- 有运维自动化平台相关经验者优先；- 责任心强，积极主动，有良好的沟通能力和学习能力。"
游戏创意策划,其他技术职位,10-15K,garena,上海 徐汇区 漕河泾,经验不限,本科,◆能够独立创作一个游戏世界与游戏角色从无到有的计划规划：包括角色所处世界观，角色（三观）背景故事，角色外形、动作，角色技能动画特效等全面详实的信息，并最终以图文的方式呈现。◆能够担当自己设计的世界观与角色的主要负责人与引导人，在世界观与角色逐步成型的同时配合美术团队，完善并完成世界观与角色的搭建，并与其他所有部门一起合作在规定的期限内完成工作，并且尽一切可能保证世界观与角色的既定方向和品质。◆能够审核、评估、接受或驳回世界观与角色在搭建时各阶段素材（比如由美术团队或第三方团队提供的原画、插画等）。通过经验来排除哪些是不适合观众口味的风格，并且通过各种更科学的方法而不是主观判断来排除一些不适合的风格。提出可探寻的“创意方向”，保护及强化世界观与角色的品质。◆能够直接与游戏测评专员、美术、程序员、动画以及其他设计师一起合作并积极沟通，以提高游戏的综合品质。◆能够将游戏内容与实时热门话题巧妙结合，并与市场、运营团队配合创作有助游戏推广的良性传播素材。 ■任职资格：◆乐观健谈，知识广泛，经验丰富，每一项不要很精，但是必须都有所涉。◆熟悉市场各种主流的美术风格，通过经验知道什么样的美术才是会受大众欢迎的。◆注意倾听用户的声音，使用用户惯用的语言，对实时热门话题嗅觉敏锐。◆具有积极的创造欲且具有建设性的竞争条件，寻求创意突破。◆擅长适时地充分运用各种资源，为创意作品加分及添妆。◆热爱游戏行业，手游、端游、单机、家用游戏主机等平台都有涉猎，具备游戏产品设计背景或项目经验者优先。
日语 IT Helpdesk,其他技术职位,9-14K,优利,上海 浦东新区 张江,经验不限,大专,"工作职责：用远程链接工具和纠正措施为终端用户诊断潜在问题和提供解决方案提供基础电话技术支持，包括笔记本，台式电脑，掌上电脑，打印机等硬件问题及Windows操作系统， office,Lotus Notes, Smart Suite及其他软件问题回答关于安装, 操作，配置，自定义和指定产品的基本问题运用基本诊断技术识别问题，调查原因并提供解决方案为不同客户提供有效的电话技术支持向上级上报疑难问题电话排除故障能力，但若必要，上报超越技术能力范围的疑难问题处理转入的产品/客户电话遇到工作冲突，客户投诉或者硬件/软件故障时通知主管技能要求：本科或者同等学力以上良好的IT知识背景擅长解决故障诊断问题良好的沟通技巧以及客户服务意识语言：中文/日语"
后端软件工程师,其他技术职位,15-25K,南乙环境,上海 浦东新区 唐镇,3-5年,本科,"本职位划归IT子公司蓝乙科技管理，主要汇报人为IT技术总监（来自香港大学计算机系资深研究员，博士），发展定位为公司主技术负责人。主要工作：•	根据产品文档开发网站平台微服务（Go 语言）•	编写单元测试代码•	编写接口文档和其他相关文档•	云端数据库管理•	平台部署和相关工作需求：•	计算机或者相关专业的本科学位•	3年以上工作经验•	擅长 Go 语言和Iris, Revel 等的 Go 语言Web 框架开发•	熟悉微服务云平台设计和前后端分离式开发•	熟悉MySQL, PostgreSQL 等开源数据库•	熟悉常用的开源云端软件工具如 Redis, NGinX 等•	熟悉 Docker 的运作和部署•	熟悉 Linux 系统管理•	熟悉 Git 代码管理•	了解 CI/CD 工作流程•	习惯在纯 Linux 开发环境工作"
.java开发,其他技术职位,9-14K,汉邦世成,上海 宝山区 友谊路,3-5年,大专,Java岗位要求：框架技术：Spring、MyBatis、SpringMVC、Struts2、Hibernate、SpringBoot前端：HTML、jQuery、CSS、JavaScript、JSP、Ajax服务器：Apache Tomcat、Weblogic开发工具及管理工具：Myeclipse、svn、maven、navicat、PLSQL数据库：Oracle、SQL Server、MySql数据库以及SQL语言及存储过程、触发器的编写其他:会使用Linux基本的命令    OY
Linux高级研发工程师,其他技术职位,20-25K,牙木通讯DNS,上海 徐汇区 徐家汇,3-5年,本科,职位描述：高级研发工程师需要凭借深厚的技术底蕴和工作经验，设计产品结构，带头排除最艰巨的技术壁垒，完成核心架构的编码工作，并指导其他研发工程师的设计和编码工作。高级研发工程师还需要对技术有敏锐的判断力，时刻保持对技术的敏感。Linux高级研发工程师，主要负责公司核心业务产品的开发、设计工作。职位要求：	计算机或相关专业本科以上学历；	精通C语言、Python语言、Shell脚本；	精通Linux网络编程、熟悉TCP/IP协议栈；	精通算法设计、数据结构；	熟悉Linux下软件开发工具及应用；	具备单独完成模块设计编码能力、良好的编码习惯、文档编写能力；	具备良好的学习能力和钻研精神，有较强的分析问题和解决问题的能力；	勇于承担责任，有团队精神；符合以下条件者优先考虑：	具有DPDK开发工作经验；	大型服务器软件设计编码经验；	分布式系统设计实现，同步并发设计和优化；	熟悉Go语言；
高级需求分析师,其他技术职位,12-20K,齐邦信息,上海  ,1-3年,本科,"职责描述：收集和分析业务需求，明确需求范围；进行需求分析和讨论，完成系统需求规格说明书编写和原型制作；负责向开发和测试团队宣导需求，参与测试要点评审，参与系统功能验收和用户手册编写；负责由于需求问题导致的测试缺陷及生产问题跟踪和处理；领导交办的其他工作；任职要求：1、2年（含）以上需求分析经验。1年（含）以上金融行业经验，保险行业经验优先。2、优秀的文字表达能力及较强的学习能力，能够快速了解新业务，掌握新知识；熟悉保险业务流程，熟悉保险核心系统，熟悉软件开发流程和软件项目管理办法；工作积极主动,具备较强的责任感且有优秀的分析、组织及指导能力3、熟练使用AXURE、Visio、Office等办公软件4、全日制本科（含）以上学历"
系统架构师,其他技术职位,25-40K,DATATOM,上海 徐汇区 漕河泾,5-10年,本科,"岗位职责 独立负责软件系统的应用架构, 数据架构和技术架构设计, 参与基础设施架构设计工作.能负责和领导技术方案选型, 关键技术问题攻关.编写符合规范的系统架构设计, 概要设计, 接口设计, 开发设计等技术文档负责对现有系统重构, 新技术预研并参与技术路线规划.负责承担代码质量评审, 模块设计评审,指导开发人员的开发和代码优化工作,指导测试人员完成系统性能和非功能性需求的的相关测试工作.组织研发技术人员的学习和技能培训,提升整体工作效率和技术能力. 任职要求计算机或其他相关专业全日制本科及以上学历,5年或以上研发工作经验,2年以上软件项目系统设计和架构设计经验.有大型软件系统集成项目成功案例, 参与分布式系统核心开发和设计、重构经验者优先精通Linux系统，熟悉分布式集群、容器技术、微服务架构、负载均衡、缓存、网络存储等技术. 熟悉高可用系统设计及性能评估方法, 熟悉系统安全机制.熟练使用 go 语言, 熟悉 bash shell, python 等常用脚本语言, 掌握常用的软件设计模式, 熟悉软件工程方法.  掌握多门开发语言者优先.精通 C/S、B/S模式软件系统设计和开发模式，熟练掌握一种或多种主流数据库, 能熟练使用分布式存储、分布式计算/流计算、缓存和消息队列等常用技术栈构建分布式应用. 熟悉 elasticsearch, k8s,有微服务设计和治理经验者优先.系统基础知识扎实, 熟悉常见协议, 掌握系统性能评估和优化方法, 对基础硬件设施有一定了解关注技术发展趋势和流行方向, 有新兴技术的探索意愿.有优秀的沟通能力, 能协调不同团队和部门完成方案落地. 有研发主管或项目管理经验优先."
咨询热线/呼叫中心客服,其他技术职位,5-6K,电讯盈科,上海 浦东新区 金桥,经验不限,大专,岗位职责:通过语音及文字方式为客户提供业务咨询和办理。通过优质专业的服务解答顾客疑问和问题反馈。任职资格:-通过语音及文字等远程方式与客户交流沟通，为客户提供咨询、在线业务办理等服务-按标准流程解决客户反映的问题，人性化受理客户的投诉-按照既定流程，完成客户咨询及投诉工作-能够很好的完成项目制定的每月绩效考核-按上司要求完成其他客户服务的工作内容工作时间: 9:00-22:00内排班-大专或以上学历，有金融或呼叫中心行业经验优先。
自动化实习生,其他技术职位,3-7K,上海源控,上海 松江区 泗泾,经验不限,学历不限,电子电气设备技术检测，领导安排的其他工作
HRS酒店订单售后客服(实习),其他技术职位,4-5K,赛科斯信息,上海 静安区 汶水路,经验不限,大专,"工作内容：• 负责处理预订前和预订后的工作 (全球酒店预订) 咨询;• 通过电话、电子邮件、传真和社交媒体处理预订前和预订后的问题;• 受理顾客修改、更改和取消现有预订的服务需求;• 为客户提供专业的协助和服务, 提高客户满意度.• 如有必要, 收集客户所需信息便于协助顾客解决问题。• 承担其他直属上级分配的其他任务.岗位要求：• 优秀的沟通能力;• 具备解决问题的基本思路;• 责任感;• 独立和友好;"
车库管理员,其他技术职位,4-5K,上海赛赛汽车,上海 浦东新区 唐镇,1-3年,中专/中技,负责车辆管理，根据需要移动车辆工程师交代其他工作任职要求：驾龄3年以上，年龄38岁以下                 定居或长期在上海优先                  电脑操作熟练，能够制作简单PPT
3D角色,其他技术职位,10-20K,garena,上海 徐汇区 上海南站,3-5年,本科,岗位职责 •	负责游戏角色的3D制作（模型，UV，贴图）游戏内主角、NPC、BOSS、怪物等的建模及贴图绘制•	能良好的遵循原画设计师的艺术风格，项目整体风格；•	与团队其他组员保持良好的沟通，保证项目的质量与进度。•	负责与外包团队沟通，质量验收，进度跟踪。岗位要求•	美术专业毕业，美术功底扎实，富有想象力，创造力，3年以上游戏行业3D美术从业经验，有手绘与雕刻高模经验；•	具备良好的视觉审美能力，对结构剪影和质感有较深的理解；•	熟练使用3DSMAX或MAYA、ZBRUSH、PHOTOSHOP、BODYPAINT等相关制作软件；•	熟练制作低多边形角色和高模角色，对质感和形体结构有深入的理解和手绘贴图功底，较强的学习能力，能不断提高游戏美术表现力；•	对Unity引擎有一定了解，熟悉次时代和纯手绘角色的制作方式、要求、规范；•	良好的沟通能力，积极主动解决问题，并能承受工作压力，良好的执行能力，有较强的团队合作意识，有责任心 ；•	熟悉主流游戏美术风格，热爱游戏，对游戏行业有热情；•	应聘简历务必附作品。
项目经理,其他技术职位,23-45K,支付宝,上海 浦东新区 陆家嘴,5-10年,本科,，以满足合作伙伴的需要。·	有效应用项目管理方法，对项目风险进行识别，执行质量管理，解决项目过程中出现的问题，达成项目标准。·	管理项目团队及项目相关的日常运作事务，识别项目过程中的低效行为或流程，并提出改进建议。·	确保项目高质量的交付验收。·	汇报项目进展情况，存在的问题及解决方案。·	实施和管理项目变更及干预措施，以实现项目产出。·	项目交付后的评估及成果评价。·	完成领导指派的其他工作任务。职位描述·	6年以上软件研发领域工作经验，3年以上复杂项目管理经验。·	有互联网领域项目管理经验，或金融尤其是第三方支付工作经验者，或有海外尤其是东南亚项目经验者。·	熟悉项目管理，流程管理及质量管理方法论。·	出色的项目管理能力，能承受较大的工作压力，有很强的自驱力。·	勤于思考，擅长抓住事物的本质，能提出建设性的建议以应对项目的变化。·	优秀的沟通能力和演讲技巧。·	优秀的英语沟通能力，有PMP 证照者优。·	愿意出差
知名基金官方售后客服,其他技术职位,5-6K,电讯盈科,上海 浦东新区 金桥,经验不限,大专,岗位职责:通过语音及文字方式为客户提供业务咨询和办理。通过优质专业的服务解答顾客疑问和问题反馈。任职资格:-通过语音及文字等远程方式与客户交流沟通，为客户提供咨询、在线业务办理等服务-按标准流程解决客户反映的问题，人性化受理客户的投诉-按照既定流程，完成客户咨询及投诉工作-能够很好的完成项目制定的每月绩效考核-按上司要求完成其他客户服务的工作内容工作时间: 9:00-22:00内排班-大专或以上学历，有金融或呼叫中心行业经验优先。
材料工程师,其他技术职位,5-8K,江苏中正检测股份,上海 嘉定区 安亭,1-3年,本科,本科以上学历，！无经验可培训，材料专业，其他专业不适合！！！1. 学历：理工科，本科及以上 2. 性别：鉴于测试设备操作和外出检测，最好是3. 工作经验：在铺面（运动木地板、运动人造地板）行业制造商 ，做技术工程师或研发工程师2年以上或检测工程师3年以上；或在铺面测试实验室（华东理工大学材料测试实验室、北京华安联合认证检测中心等等），测试工程师3年以上4. 工作内容：熟读和解析国标、外标（美标、欧标、国际标准ISO），进行铺面实验室测试和场馆等现场测试等等。
WebDesigner 【网页设计师】,其他技术职位,10-15K,garena,上海 徐汇区 漕河泾,经验不限,大专,工作内容：•	参与市场部门的研讨和制定，并制作平面广告、网页广告，网页活动等商业需求图片设计•	拥有良好的设计感觉和大胆的设计思想；•	对视觉设计不拘一格，并驾驭多种风格•	创新能力强，对项目有责任意识•	同时完成市场部门提出的其他各项工作需求。资历和工作要求：•	大专以上学历，工业设计、广告视觉、平面设计等相关专业；•	有独立设计网页平面设计的能力；•	2年以上平面设计工作经验；•	能熟练使用Photoshop/illustrator/office等设计软件；•	勤奋、敬业、有责任心，并具有良好的沟通能力和抗压能力；•	善于合作，团队意识较强，富有创意，热爱设计行业。应聘简历请务必附上作品。
绑定师,其他技术职位,20-40K,游族网络,上海 徐汇区 漕河泾,3-5年,本科,"Technical Animator  Responsibilities:技术动画的工作主要包括：• 基于游戏设计，美术表现以及技术方向设定角色动画技术方案以及创建工作流。并且能够推动程序，美术，策划实现该方案。• 精通引擎和动画工具，可以自由设计并改造角色动画技术方案。改进或定制工作流程。• 编写插件以及工具，方便流程自动化，加快其他美术和动画整合流程。• 创建复杂的绑定，比如面部绑定，并且帮助动画师完成绑定工作。• 设置并使用物理系统，熟悉刚体/柔体，毛发，布料结算。• 设置动画节点，timeline等游戏中动画调用触发机制。• 设置并使用Motion Capture。  Experience:5年以及以上动画或技术动画相关经验。Other Skills:• 脚本能力 (MEL/Python/MAXScript etc.)• 基础动画能力• Rigging/skinning/weighting 技能• 相关软件经验- Motionbuilder, 3DSMax or Maya• 引擎经验：Unity/UE4等• 自适应能力，积极主动，乐观好学。• 良好的团队协作以及沟通能力。"
UX设计专家,其他技术职位,20-40K,游族网络,上海 徐汇区 漕河泾,3-5年,本科,"岗位职责：您将加入我们的UEDC团队，会帮助一些处在不同概念和生产阶段的各种游戏项目。您需要制作UX规范，为现在的UI / UX问题提供解决方案以及提一些其他创造性挑战方案。 作为经验丰富的团队人员之一，您会与其他艺术家，制作人，游戏设计师和开发人员密切合作。您的贡献会引领YOOZOO的下一代游戏走向成功。岗位要求1、对游戏充满热情，具备创新性；2、能够创建初期概念，用户体验流程，线框和原型设计，帮助制作用户体验解决方案；3、对UX方法论有充分的理解和知识，并且研究过UX方法论。；4、以用户为中心的设计: 理解组员的需求/目标,在设计过程和功能研发中指定优先顺序；5、在项目的早期阶段开始同步到最终阶段；6、从概念到落地方案，要了解过程和方法；7、 要了解信息的架构，形式和排版；8、良好的沟通能力和语言组织能力；9、积极主动地学习和发展自己的技能，达到更高的水平。10、加分项：有多平台用户界面设计的经验在视觉上能够创造出精美而吸引用户的设计，界面和模型要有一致性和独特性的；能够熟练使用Adobe CS Package；要了解电脑技术的限制，优化和实施；了解游戏的可用性及付费游戏的成功示例；拥有在敏捷模式（Agile）的项目环境中工作的经验；精通英语；有游戏策划经验加分。招聘项目：《权力的游戏》手游"
IT 助理,其他技术职位,3-6K,船研,上海 浦东新区 金桥,经验不限,大专,岗位职责：监督计算机系统的日常性能；回答用户查询有关计算机软件或硬件操作来解决问题；输入命令和遵守制度的运作，以验证正确的操作和检测错误；熟悉如机器安装，打印机故障解决，系统升级，网络问题排查等基本工作；应用软件排错、系统技术支持；ERP系统的维护和开发；PC 硬件排错其他外围设备的维护。我们需要你：熟练掌握Windows操作系统和Office办公软件，熟悉Windows的配置、使用和维护；了解并关注系统安全和网络安全；了解局域网配置、综合布线、熟悉路由器、交换机和常用网络知识；有较强的学习能力，协作能力，执行力和沟通能力；计算机、信息管理相关专业或具有Helpdesk工作经验者优先；有装配电脑（硬件）经验者优先；优秀实习生亦可。
人力资源销售顾问,其他技术职位,6-11K,Boss直聘,上海 黄浦区 外滩,应届生,大专,工作内容:负责BOSS直聘线下年度会员套餐和招聘道具和其他产品的销售工作；工作形式为电销+面销，我们希望您能够接受电话预约的模式，另外具备抗压能力和良好的心理素质，主动的学习能力。岗位要求：1、大专以上学历，专业不限2、具备良好的口头表达能力以及沟通说服技巧3、性格开朗，工作积极热情、踏实肯干、胆大心细4、热爱销售工作、敢于挑战困难6、熟悉电话销售或相关电话服务业务模式我们提供：优越的福利、五险一金丰厚的奖金收入通畅的发展通道在外滩东方明珠边工作，坐看黄浦江只有你不怕吃苦，有理想，有抱负，欢迎加入我们的大家庭！
食品测试报告审核工程师,其他技术职位,6-8K,SGS,上海 徐汇区 漕河泾,1-3年,本科,-负责正本报告的编辑、审核工作-负责对报告中的问题进行反馈和处理-各类型报告的出具及上传等-报告数据统计及确认查询等-协助主管完成本部门的其他工作，服从领导安排职位要求：-本科以上（相关食品，化学，食品检验等教育背景）-有食品或快速消费品行业测试工作经验，了解相关行业测试标准-了解食品行业动态发展
需求分析师,其他技术职位,12-20K,齐邦信息,上海  ,3-5年,本科,"职责描述：收集和分析业务需求，明确需求范围；进行需求分析和讨论，完成系统需求规格说明书编写和原型制作；负责向开发和测试团队宣导需求，参与测试要点评审，参与系统功能验收和用户手册编写；负责由于需求问题导致的测试缺陷及生产问题跟踪和处理；领导交办的其他工作；任职要求：1、2年（含）以上需求分析经验。1年（含）以上金融行业经验，保险行业经验优先。2、优秀的文字表达能力及较强的学习能力，能够快速了解新业务，掌握新知识；熟悉保险业务流程，熟悉保险核心系统，熟悉软件开发流程和软件项目管理办法；工作积极主动,具备较强的责任感且有优秀的分析、组织及指导能力3、熟练使用AXURE、Visio、Office等办公软件4、全日制本科（含）以上学历"
资深图形渲染工程师,其他技术职位,23-35K·13薪,51VR,上海 长宁区 中山公园,5-10年,本科,岗位职责：-	改进渲染引擎，将前沿的渲染技术应用到公司各个产品中去-	与美术一起合作，研究实现真实感效果-	寻找渲染瓶颈，改进渲染效率-	完成用户文档和产品研发文档-	任职要求：-	计算机、电子工程、通讯、自动化、应用数学相关专业的本科或以上学历-	熟练使用C++，具有良好的面向对象理念，有良好的编程习惯-	熟悉常用的数据结构、算法、以及其他计算机领域基础知识-	了解掌握计算机图形学基本算法-	熟悉Unreal Engine 4引擎优先-	熟悉DirectX或者OpenGL优先-	有游戏引擎或者渲染引擎开发经验优先
智能硬件嵌入式工程师,其他技术职位,15-30K,联桩新能源,上海  ,3-5年,本科,"负责嵌入式产品的软件开发；参与系统需求，硬件设计评审等工作，拆分产品软件设计需求；根据项目需求进行软件功能块架构设计，完成软件需求表，详细设计、编码、调试、自测工作；维护产品软件，依据应用问题、客户需求进行产品软件改进；协助测试工程师制定软硬件测试方案，并跟踪调试，确保其按设计要求正常运行；编写项目文档、质量记录以及其他有关文档，并协助完成相关产品认证工作；职位要求：1、计算机，电子通信、自动化控制等相关专业，本科及以上学历具有3年以上嵌入式产品、项目开发经验；2、具有ARM、STM32、MSP430、单片机等芯片的开发与扩展设计经验；3、精通C/C++语言,能独立搭建开发环境和功能设计开发工作；4、熟悉各种总线协议和通讯接口，如GPIO、I2C、SPI、RS232、RS485、CAN、USB、以太网等，并能完成相应的软件开发工作；5、有通信协议栈，无线网络等方面知识的优先；6、具有一定的英语听说读写能力，能够看懂理解相关英文技术文档；7、有良好的团队意识和工作责任感，具备项目管理经验者优先。"
嵌入式开发工程师,其他技术职位,10-15K,联桩新能源,上海  ,1-3年,本科,"负责嵌入式产品的软件开发；参与系统需求，硬件设计评审等工作，拆分产品软件设计需求；根据项目需求进行软件功能块架构设计，完成软件需求表，详细设计、编码、调试、自测工作；维护产品软件，依据应用问题、客户需求进行产品软件改进；协助测试工程师制定软硬件测试方案，并跟踪调试，确保其按设计要求正常运行；编写项目文档、质量记录以及其他有关文档，并协助完成相关产品认证工作；职位要求：1、计算机，电子通信、自动化控制等相关专业，本科及以上学历具有3年以上嵌入式产品、项目开发经验；2、具有ARM、STM32、MSP430、单片机等芯片的开发与扩展设计经验；3、精通C/C++语言,能独立搭建开发环境和功能设计开发工作；4、熟悉各种总线协议和通讯接口，如GPIO、I2C、SPI、RS232、RS485、CAN、USB、以太网等，并能完成相应的软件开发工作；5、有通信协议栈，无线网络等方面知识的优先；6、具有一定的英语听说读写能力，能够看懂理解相关英文技术文档；7、有良好的团队意识和工作责任感，具备项目管理经验者优先。"
游戏关卡设计,其他技术职位,10-20K,garena,上海 徐汇区 漕河泾,经验不限,本科,•	能够负责一个关卡制作的计划规划，关卡地形布局，情节设置以及玩法的调试；•	能够负责设计并制作一个有趣的RTS/MOBA类型的单人关或者多人关；•	能够担当自己设计的关卡的主要负责人和引导人，在制作关卡的同时辅助完成游戏其他一些相关的功能，并与其他所有部门一起合作在规定的期限内完成工作，并且尽一切可能保证游戏的既定方向和品质；•	能够直接与美术、程序员、动画以及其他设计师一起合作并积极沟通，以提高游戏的综合品质；•	能够独立设计并制作一个关卡场景的雏形，并实现最基本的玩法，并且带动一个良好的反复试玩并改进的迭代过程；•	能够与程序员合作一起开发所需要的工具以及引擎的中间件。岗位要求：•	有一定的制作关卡的经验；•	有较强的解决实际问题的能力，需要专注寻找创新有趣的解决方案来解决遇到的各种问题；•	有较强的沟通能力；•	有较强的团队合作能力，能够在尽量保证游戏方向的情况下与其他部门合作；•岗位职责：•  负责关卡内容设计和相关资源制作需求撰写、制作跟进和逻辑事件的实现；•  对关卡设计文档进行整理和更新；•  建立并跟进关卡制作的每个环节；•  与程序、美术、策划等部门紧密合作，保证工作进度。岗位要求：•  喜欢玩游戏，并且对制作游戏有热情；•  熟悉游戏制作流程和各个环节；•  能够对市面上各种游戏关卡设定有所了解；•  喜欢竞技类游戏，对Moba/FPS/RTS等类型的游戏有深入研究；•  至少3年以上的游戏策划经验(含至少1款上线游戏经验)，有Moba/FPS/RTS类型游戏研发经验的优先；•  熟悉3D建模优先；•  英文良好者优先。
电子电气-测试工程师(实习),其他技术职位,2-3K,Intertek,上海 徐汇区 虹梅路,应届生,本科,"职位描述：－样品接收、安置及测试后处理；－按照标准程序和工作手册完成样品测试，并确保测试安全；－正确地记录测试数据；－向工程师及客户报告测试结果；－与其他测试部门进行资源共享；－保持实验室环境清洁和设施良好；－配合实验室设备维修和购买。要求:－大专或以上学历,电气、电子、机械类相关专业的学生；－成熟,独立,和团队合作精神；－CET-4或相同水平英语，良好的读写能力。工作地点：徐汇区钦州北路1198号86号楼（地铁9号线直达）公司提供班车实习工资：大专120/天，本科135/天，硕士150/天"
客服协调员,其他技术职位,5-7K,Intertek,上海 徐汇区 漕河泾,应届生,本科,工作职责- 接受客户的测试申请；- 就测试标准方法的选择、测试的工作程序、报告的传递与实验室测试小组之间进行内部沟通；- 友好、专业地与客人沟通，跟进测试的进度、结果的复核、报告咨询、申请内容和资料的确认；- 了解各测试标准；- 与其他小组充分合作。职位要求- 本科学历，纺织、染整、轻化工程为佳；- 英文能力良好，CET4优先考虑；- 良好的沟通技巧、团队协作技巧；- 能承受高强度的工作压力，有责任心；- 欢迎应届生踊跃报名
C++ 工程师,其他技术职位,7-14K,法孚斯坦因,上海 宝山区 杨行,经验不限,学历不限,•负责冶金热工设备（加热炉和热处理炉）在线二级优化控制系统软件的设计、编程及现场调试•负责加热炉二级热工工艺计算•持续改进公司产品（性能，质量，实用性，成本），设计流程，持续发展我们的专业知识。•服务业务大数据研发工作。 主要职责Main  responsibilities :在项目销售阶段，负责销售技术方案的编制和技术支持；•熟悉合同，了解合同的供货范围、供货要求等，积极消化技术规格书，确保按技术规格书要求进行设计；•按质、按量、按时完成所承担的设计任务，技术规格书、请购单、发图清单和设计变•负责与工厂设计接口的审核；•分包商技术规格书的确认；•及时准确地对制作及安装现场出现的问题给予解答，并提供必要的技术交底；现场的安装调试，技术支持，以及处理其它现场问题。•提供现场技术服务；•根据工艺要求，开发热工计算仿真工具。开展上级安排的其他工作。
项目助理,其他技术职位,6-9K,上海罗斯德尔,上海 浦东新区 康桥,1-3年,大专,项目助理，协调各方，跟踪项目进展，现场指导跟踪，完成领导交代的其他事务，要求办公软件熟练，特别是excel。车辆工程等理工科类专业优先。
物联网软件工程师,其他技术职位,15-25K,联桩新能源,上海 徐汇区 漕河泾,3-5年,本科,"负责嵌入式产品的软件开发；参与系统需求，硬件设计评审等工作，拆分产品软件设计需求；根据项目需求进行软件功能块架构设计，完成软件需求表，详细设计、编码、调试、自测工作；维护产品软件，依据应用问题、客户需求进行产品软件改进；协助测试工程师制定软硬件测试方案，并跟踪调试，确保其按设计要求正常运行；编写项目文档、质量记录以及其他有关文档，并协助完成相关产品认证工作；职位要求：1、计算机，电子通信、自动化控制等相关专业，本科及以上学历具有3年以上嵌入式产品、项目开发经验；2、具有ARM、STM32等芯片的开发与扩展设计经验；3、精通C/C++语言,能独立搭建开发环境和功能设计开发工作；4、熟悉各种总线协议和通讯接口，如GPIO、I2C、SPI、RS232、RS485、CAN、USB、以太网，WiFi等，并能完成相应的软件开发工作；5、有通信协议栈，无线网络等方面知识的优先；6、具有一定的英语听说读写能力，能够看懂理解相关英文技术文档；7、有良好的团队意识和工作责任感，具备项目管理经验者优先。"
贸易跟单,其他技术职位,6-9K·14薪,Intertek,上海 静安区 彭浦,5-10年,本科,"Key Responsibilities (主要工作职责)-处理咨询服务和申请方的价格问题.-处理申请方的投诉问题.-在数据分析方面为客户服务主管提供支持.-对不断变化的客户需求保持敏感性并不断提升新的服务以实现客户需求.-和其他部门合作以满足客户需求.-愿意承担一定的工作压力,而能够适应不同的团队的管理风格.-制定操作标准及冲突发生时的优先性设定."
基金公司官方售后客服岗（金融类）,其他技术职位,5-6K·13薪,盈环网络技术有限公司,上海 浦东新区 金桥,1年以内,大专,岗位职责:-通过语音及文字等远程方式与客户交流沟通，为客户提供咨询、在线业务办理等服务-按标准流程解决客户反映的问题，人性化受理客户的投诉-按照既定流程，完成客户咨询及投诉工作-按上司要求完成其他客户服务的工作内容其他：-免费提供员工宿舍；-六险一金、带薪年假8天、带薪病假6天、婚假、产假/陪产假、年终奖；工作时间: 8:30-17:30  /  13:00-22:00（入职半年之后才有晚班，晚班一个月只有2次）-全日制统招大专、自考本科/统招本科实习生及以上学历，有金融或呼叫中心行业经验优先。
实验室经理,其他技术职位,12-18K,爱迪信环境技术,上海 嘉定区 南翔,5-10年,本科,按要求建立并维护化学分析实验室的管理体系，推进实验室管理的规范化；-负责制订实验室的人员培训计划，组织实施人员学习技术业务知识，提高检测水平；-根据有关规章制度，负责组织好环境条件、仪器设备，安全和清洁等工作，确保实验室各项事务的正常运转，对出现的各类突发事项进行应急处理；-参与解决检测中出现的重大技术、质量问题，参与处理检测质量事故和质量争议和客户投诉调查；-实验室能力维护，执行新方法开发相关测试与数据整理汇总；-负责实施实验室能力验证、检测过程的控制、期间核查等活动和参加内审及评审；-负责实验室仪器设备的申购计划，组织人员做好仪器设备的维护保养；-负责配合质量管理部完成新开展项目的筹备、执行和评审工作；-负责各类实验室合理化建议、不符合项、安全事故、质量事故的整改措施提出、整改方案落实；-完成公司要求的其他工作。任职要求：-全日制本科以上学历，化学及环境相关专业，中级或以上职称；-5年以上相关工作经验并有2年以上实验室的现场管理经验；-精通环境监测、环境分析实验室相关工作者优先考虑；-熟练掌握各种分析仪器（GC、GC-MS、LC、AAS、ICP-OES 、AFS、UV、FTIR等）的性能、使用操作及各种分析方法；熟悉国家和地方相关法律、法规、政策、行业规范及技术标准，熟悉化学化工类实验检测室日常工作与管理，掌握测试、试验技术的发展方向和动态；-具备良好的沟通能力、组织协调能力及团队合作精神，有较强的抗压能力，坚定不移地推进改革，实施标准化管理；-工作细致、思路清晰、有耐心，时间观念强；-对工作有强烈的责任心，能承受一定的工作压力。
测量工程师,其他技术职位,6-11K·13薪,米度测量,上海 青浦区 徐泾,1年以内,大专,米度盾构测量导向及相关系统的软、硬件的现场安装和调试及后期的故障处理和系统维护。其他品牌导向系统的安装调试。1.专科及以上学历，工程类专业(土木、测量类专业)； 2.熟练使用CAD制图软件；3.熟练使用测绘仪器；4.熟悉盾构导向系统相关产品者优先；5.有盾构测量经验者优先；6.能吃苦耐劳，适应出差；7.学习能力强，能快速适应环境；
招投标/投标/造价员,其他技术职位,5-8K,工谷土木,上海 虹口区 曲阳,经验不限,大专,-土木工程或工程造价管理类专业专科毕业或以上（有相关工作经验者优先）；-了解招投标工作流程，熟悉标书的制作；能熟练掌握预算软件使用，熟悉预算定额；-熟悉定额和清单计价体系及相关法律法规，熟练账掌握和使用word、excel等办公软件及预决算工作软件；-具有较强的投标文件编制能力；-熟练运用各种常用办公软件，较强数据分析整理能力；-了解国家有关招投标、合同管理、预决算管理等方面的法律法规，熟悉市场行情；-热爱本行业，具有良好的职业素质，组织协调沟通能力强，适应弹性工作制。
Unity3d特效师,其他技术职位,11-20K,乐戏信息科技,上海 徐汇区 徐家汇,3-5年,学历不限,要求：精通动画节奏的把握，深刻了解各类特效的色彩应用和动画规律精通Unity3D游戏引擎的动效制作及相关插件；熟悉AE等其他特效制作方式；具有强烈的责任心和工作耐心；善于沟通，能把控效果实现，有良好的团队合作精神。至少2年以上经验，有完整u3d项目的特效经验优先。投递简历请附带相关作品。 岗位职责:2、能独立设计制作游戏角色身份个性所需的技能效果，场景动画光效等特殊效果；并输出资源，整合到引擎中；3、制作ui中的各类特效表现。
测试工程师,其他技术职位,15-22K·13薪,51VR,上海 浦东新区 张江,3-5年,本科,"岗位职责：-	熟悉公司产品\项目，定义测试范围，编写测试计划和测试用例，包括但不限于功能测试，性能测试等-	与开发团队合作，熟悉并反馈用户需求，与测试团队组内其他人员合作，利用测试工具进行测试，有必要的情况下编写测试脚本-	缺陷跟踪与重现-	多项目同步追踪与测试-	多平台熟练环境搭建和测试，Linux， Windows， web等任职要求：-	本科及以上学历，计算机相关专业-	有3年以上黑盒测试经验，熟悉图形学优先，熟悉UE优先-	熟悉测试方法和相关工具，熟悉Windows, Linux环境-	有移动端测试经验优先-	有良好的口头和书面表达能力，乐观积极的工作态度，能独立解决和分析问题"
平面设计师,其他技术职位,7-14K,上海瀛之杰,上海  ,1-3年,大专,"职位名称：平面设计师岗位能力：•     平面设计相关专业 •     熟悉photoshop,illustrator,indesign等设计工具•     对版式设计有自己的理解•     熟练使用PPT岗位职责：•     负责各种平面设计包括背景板、易拉宝、海报、宣传册、灯相广告、海报、画册、推广物料等其他品牌设计、制作与创新；•     协助各业务部门制作PPT、页面设计、排版，产品演示版本等•     有美编经验者优先•     对公司互联网平台进行网站详情页设计和装修实施，制作促销宣传图片合成设计；•     负责产品修型、扣图、调色及人物调色、皮肤精修等，满足客户图片要求；•     拥有专业的图片后期修饰技能和色彩把握能力，熟练掌握后期修图流程和摄影流程；•     辅助设计公司互联网产品app、web、h5等的用户界面设计工作。"
纺织专业实习生,其他技术职位,5-6K,瀚莎测试,上海 浦东新区 唐镇,1年以内,大专,根据国际标准对纺织品进行检测数据分析，准备报告处理其他实验室事宜
汽车项目管理,其他技术职位,7-14K,上海卓迈汽车,上海 嘉定区 嘉定镇,3-5年,大专,汽车设计或研发相关项目管理经验；执行并更新项目计划，跟进项目进度；与部门沟通和协调问题的解决方案；英语或者其他小语种流利；三年以上项目管理工作经验，大专以上学历，有日企或韩企工作经验优先
广告销售经理,其他技术职位,8-13K,凤凰房产,上海 黄浦区 新天地,经验不限,大专,岗位职责】负责房地产客户的开发，拓展新的客户资源，完成公司下达的销售指标；做好城市房产市场调查，针对楼盘项目定向公关营销；负责意向项目的商务谈判及提案竞标；完成项目的后续合作跟进及营销服务，达成销售目标；协调支持公司其他部门完成公司月度及年度业绩目标。【岗位要求】大专或以上学历，对房产广告媒体、销售行业有兴趣；熟悉整合营销，具备一定的大客户资源，有一定的销售技巧和项目操作经验，独立开发客户；具有较强的团队意识，性格开朗，善于与人沟通，学习力强；可接收应届毕业生，有从事房地产行业经验者优先考虑，能力优秀者可应聘总监一职。
新零售线下业务拓展高级专员（零售柜）,其他技术职位,4-9K,上海融糖信息技术...,上海 静安区 汶水路,经验不限,学历不限,因公司业务快速发展，现招聘多位线下零售柜业务拓展专员。 主要负责区域内： 购物中心，商场，游乐场，医院，学校以及其他公司业务有覆盖的定点单位的业务拓展。 与物业， 地产，场所所有者进行沟通，商谈，零售柜/贩卖机的入住，以及日常运营事宜。工作要求：有此类工作经验优先！ 能说会道，擅长与人沟通，亲和力强，能打动业主和场所负责人。吃苦耐劳，良好的抗压能力！ 可以接受风餐露宿，能和企业共进退！ 工资分为基本工资+ 绩效成绩奖金， 根据业绩奖金不封顶，详细面谈！
地产招商经理,其他技术职位,6-10K,梦想加,上海 黄浦区 外滩,经验不限,学历不限,岗位职责：我们正在寻找熟悉销售及商业地产租赁工作的小伙伴，主要负责公司场地销售及租赁的相关事宜，包括销售渠道拓展、客户资源发掘以及场地工位销售等工作。工作内容包括但不限于： 负责空间的销售租赁工作，包括公司空间产品推介，场地带看，客户合同谈判，维护客户关系等内容； 负责公司线上线下销售渠道的拓展和深入合作，包括定期走访维护现有渠道关系，新渠道和客户资源拓展开发，增加各类销售途径；参与制定相应场地的销售策略，发掘场地销售工作中的潜在问题等；完成上级领导交办的其他工作。任职要求：统招本科及以上学历，专业不限；至少3年办公室租赁以及产业园招商或大型代理公司工作经验，或知名企业服务2B销售工作背景及有一定客户资源优先考虑；为人正直，工作目标性强、积极主动、正能量、业务能力扎实、有积极主动的沟通能力和意识、可以维护良好的销售渠道关系，有一定的拓客能力以及协调解决问题的能力。
检测工程师-建材,其他技术职位,6-8K·13薪,Intertek,上海 奉贤区 金汇,1年以内,本科,
技术idc,其他技术职位,3-5K,电子领域技术开发,上海 普陀区 长风,1年以内,本科,
产品培训师,其他技术职位,8-10K,上海心灵伙伴,上海 普陀区 长风,1-3年,大专,
气动技术工程师,其他技术职位,5-9K,Heinse 赫励,上海 松江区 洞泾,3-5年,大专,
文案,其他技术职位,13-23K,DreamLabs,上海 静安区 长寿路,3-5年,本科,
电池安全及软件工程师,其他技术职位,10-14K,翱嘉,上海 徐汇区 漕河泾,3-5年,本科,
线束设计工程师,其他技术职位,6-10K,翱嘉,上海 浦东新区 金桥,1-3年,本科,
棋牌数值策划,其他技术职位,15-25K,卓毅网络,上海 松江区 松江工业区,3-5年,本科,
金属材料技术支持工程师,其他技术职位,6-10K,SGS,上海 浦东新区 三林,经验不限,本科,
Java开发,其他技术职位,10-20K,昆山华信,上海 黄浦区 董家渡,3-5年,本科,
前端技术专家,其他技术职位,25-40K,饿了么,上海 普陀区 长征,5-10年,本科,
软件开发实施顾问/供应链优化咨询顾问,其他技术职位,8-13K,弗兰轲希软件技术咨询,上海 长宁区 天山,3-5年,本科,
java软件工程师,其他技术职位,8-12K,上海锐道信息,上海 浦东新区 塘桥,1-3年,本科,
新零售线下业务拓展高级专员 （零售柜）,其他技术职位,4-9K,上海融糖信息技术...,上海 静安区 汶水路,经验不限,学历不限,
（车贷）催收,其他技术职位,8-10K,厦门圣祺,上海 浦东新区 北蔡,3-5年,学历不限,
java开发工程师(Dorado7),其他技术职位,8-12K,上海锐道信息,上海 浦东新区 塘桥,1-3年,大专,
暖通技术支持,其他技术职位,4-9K·13薪,锦穗机电,上海 虹口区 临平路,经验不限,本科,
Java高级开发工程师,其他技术职位,20-25K,文思海辉·金融,上海 长宁区 中山公园,5-10年,本科,
FAE工程师,其他技术职位,10-20K,晶晨半导体,上海 浦东新区 张江,3-5年,本科,
医疗领域投资经理,其他技术职位,15-30K,熊猫资本,上海 长宁区 新华路,1年以内,本科,
